.1ord,ord_regex,.1definition,.1subgrupp,huvudgrupp
.net,,.net,.net,
.net framework,,.net,.net,
.net-plattformen,,.net,.net,
1c enterprise,,1c enterprise,1c enterprise,
1st line,,first-line support,first-line support,it-support
2nd line,,second-line support,second-line support,it-support
3d animering,,3d animering,3d,
3d grafik,,3d grafik,3d,
3d studio,,3d studio,3d,
3d-modellering,,3d modellering,3d,
3d-motorer,,3d motorer,3d,
3d-rendering,,3d rendering,3d,
3d-visualisering,,3d visualisering,3d,
3ds max,,3ds max,3d,
3rd line,,third-line support,third-line support,it-support
5g,,5g,telekommunikationsstandard,
a/b testing,,a/b testning,testning,
aaa games,,aaa games,aaa games,
aadc,,azure active directory connect,Azure,
abac,,attribute-based access control,,
abap,,advanced business application programming,,
abb 800xa,,övrigt,övrigt,
abl,,advanced business language,,
ac450,,övrigt,övrigt,
acceptanstester,,acceptanstester,testning,
access control,,access control,access control,
accessfrågor,,access control,access control,
accesshantering,,access control,access control,
accesslösningar,,access control,access control,
accesstjänster,,access control,access control,
act,,Assistive Computer Technology,accessability,
actionscript,,actionscript,actionscript,
active directory,,active directory,windows server,
active directory,,active directory,windows server,
active directory,,active directory,windows server,
active directory administration,,active directory,windows server,
activebatch,,activebatch,automation & scheduling,
activedirectory,,active directory,windows server,
activemq,,,,
actuator,,,,
ada,,,,
adas,,,,
adato,,,,
adc,,,,
adcs,,,,
adform,,,,
adfs,,,,
administering,,administration,administration,
administration,,administration,administration,
administrationssystem,,administration,administration,
administrationsverktyg,,administration,administration,
administrativ erfarenhet,,administration,administration,
administrativa uppgifter,,administration,administration,
administratörsuppgifter,,administration,administration,
ado.net,,ado.net,.net,
adobe after effects,,adobe after effects,adobe,
adobe analytics,,adobe analytics,adobe,
adobe captivate,,adobe captivate,adobe,
adobe creative,,adobe creative,adobe,
adobe creative suite,,adobe,adobe,
adobe cs,,adobe,adobe,
adobe fireworks,,adobe fireworks,adobe,
adobe flash,,adobe flash,adobe,
adobe golive,,adobe golive,adobe,
adobe illustrator,,adobe illustrator,adobe,
adobe indesign,,adobe indesign,adobe,
adobe paketet,,adobe,adobe,
adobe photoshop,,adobe photoshop,adobe,
adobe suiten,,adobe,adobe,
adobe xd,,adobe xd,adobe,
adobe-programmen,,adobe,adobe,
adobeprodukter,,adobe,adobe,
adp,,automatic data processing,hr software,
agda,,agda,functional programming language,
agil metodik,,agile,workflow,generellt
agil systemutveckling,,agile,workflow,generellt
agil utvecklingsmetodik,,agile,workflow,generellt
agila arbetsmetoder,,agile,workflow,generellt
agila projektmetoder,,agile,workflow,generellt
agila utvecklingsmetoder,,agile,workflow,generellt
agila utvecklingsprocesser,,agile,workflow,generellt
agile,,agile,workflow,generellt
agilt arbetssätt,,agile,workflow,generellt
ags script,,adventure game studio,game development,game development
ais,,övrigt,övrigt,generellt
aix,,advanced interactive executive,unix operating system,generellt
ajax,,ajax,ajax,generellt
akeneo,,akeneo,product information management,generellt
,,,,
,,,,
,,,,
,,,,
alcatel,,,,
alfa testning,,alfa testning,testning,generellt
alfresco,,,,
algebra,,algebra,generellt,generellt
algoritm,,algoritm,generellt,generellt
,,,,
alloy,,,,
altium,,altium,altium,
altium designer,,altium,altium,
amazon,,amazon web services,amazon web services,molntjänster
amazon s3,,amazon web services s3,amazon web services,molntjänster
Amazon VPC,,amazon web services vpc,amazon web services,molntjänster
amazon web services,,amazon web services,amazon web services,molntjänster
ampl,,,,
amplifiers,,,,
amq,,,,
amqp,,,,
android,,android,android,apputveckling
android sdk,,android,android,apputveckling
android studio,,android,android,apputveckling
angular__cli,,angular,angular,apputveckling
angular.js,,angular,angular,apputveckling
angular2,,angular,angular,apputveckling
angular4,,angular,angular,apputveckling
angularjs,,angular,angular,apputveckling
animation,,animation,animation,apputveckling
animering,,animation,animation,apputveckling
annex,,,,
ansibel,,ansible,Ansible,molntjänster
ansible,,ansible,Ansible,molntjänster
ant,,,,
antisense,,,,
antivirus,,antivirus,antivirus,generellt
antiviruslösningar,,antivirus,antivirus,generellt
antivirusprogram,,antivirus,antivirus,generellt
antlr,,antlr,parser generator,
användaradministration,,användaradministration,användaradministration,
användardokumentation,,användardokumentation,dokumentation,
användargränssnittsutveckling,,användargränssnittsutveckling,design,design
användarinteraktion,,användarinteraktion,design,design
användarmanualer,,användardokumentation,dokumentation,
användarsupport,,användarsupport,support,
användartester,,användartester,testning,generellt
användarutbildning,,användardokumentation,dokumentation,
användbarhetstestning,,användbarhetstestning,testning,generellt
användningstester,,användningstester,testning,generellt
apache camel,,apache camel,Apache,
apache cxf,,apache cxf,Apache,
apache http,,apache http,Apache,
apache kafka,,apache kafka,Apache,
apache lucene,,apache lucene,Apache,
apache maven,,apache maven,Apache,
apache solr,,apache solr,Apache,
apache spark,,apache spark,Apache,
apache struts,,apache struts,Apache,
apache tomcat,,apache tomcat,Apache,
apache wicket,,apache wicket,Apache,
Apache ZooKeeper,,Apache zookeeper,open source server,
apacheconf,,apacheconf,Apache,
apex,,apex,saas development platform,
api,,api,api,
api blueprint,,api,api,
api-testning,,api testning,testning,
apis,,api,api,
apl,,,,
apn,,,,
apo,,,,
appdynamics,,,,
appfabric,,,,
appian,,,,
appium,,,,
applescript,,,,
appliance,,,,
applikationsdesign,,design,design,
applikationssäkerhet,,it-säkerhet,it-säkerhet,
applikationstestning,,applikationstestning,testning,generellt
apputveckling,,apputveckling,apputveckling,apputveckling
ar,,augmented reality,augmented reality,
arbortext,,,,
arc,,,,
arcgis,,,,
arcgis desktop,,,,
arcgis server,,,,
archimate,,,,
arcmap,,,,
arduino,,arduino,arduino,
arkivarbete,,arkivarbete,arkivarbete,generellt
arkivfrågor,,arkivarbete,arkivarbete,generellt
arkivlagen,,arkivarbete,arkivarbete,generellt
arkivredovisning,,arkivarbete,arkivarbete,generellt
arkivsystem,,arkivarbete,arkivarbete,generellt
arkivvetenskap,,arkivarbete,arkivarbete,generellt
arm cortex,,arm processorer,arm processorer,generellt
arm processorer,,arm processorer,arm processorer,generellt
ars,,,,
articulate storyline,,,,
artifactory,,,,
artificial intelligence,,artificial intelligence,artificial intelligence,
as2,,,,
as400,,,,
ascendo,,,,
asfalt,,,,
asic,,,,
asp,,asp.net,asp.net,
asp lösningar,,asp.net,asp.net,
asp.net,,asp.net,asp.net,
asp.net mvc,,asp.net,asp.net,
asp.net webapi,,asp.net,asp.net,
aspdotnet,,asp.net,asp.net,
assa arx,,,,
assembler,,assembly,assembly,
assembly,,assembly,assembly,
async,,async,async,
ati vision,,,,
atlassian jira,,jira,jira,
atm,,,,
atp,,,,
atrium,,,,
ats,,,,
attestering,,,,
augeas,,,,
augmented reality,,augmented reality,augmented reality,
aurelia,,aurelia,aurelia,
autentisering,,autentisering,autentisering,
autentiseringslösningar,,autentisering,autentisering,
autentiseringssystem,,autentisering,autentisering,
autocad,,autocad,cad,
autocad civil 3d,,autocad civil 3d,cad,
autodesk inventor,,autodesk inventor,cad,
autodesk revit,,audodesk revit,cad,
autofac,,autofac,cad,
autoit,,,,
automated test,,automationstestning,testning,
automation,,automation,automation,
automationsarbete,,automation,automation,
automationsinriktning,,automation,automation,
automationslösningar,,automation,automation,
automationsområdet,,automation,automation,
automationsprojekt,,automation,automation,
automationsramverk,,automation,automation,
automationssystem,,automation,automation,
automationsteknik,,automation,automation,
automationstestning,,automationstestning,testning,
automationsutrustning,,automation,automation,
automatiserade tester,,automatiserade tester,testning,
automatiserade testfall,,automatiserade tester,testning,
automatisering,,automation,automation,
automatiseringsverktyg,,automation,automation,
automatiska tester,,automatiserade tester,testning,
automattester,,automatiserade tester,testning,
autosar,,,,
autotestning,,automatiserade tester,testning,
av-installation,,antivirus,antivirus,
av-produkter,,antivirus,antivirus,
av-teknik,,antivirus,antivirus,
av-utrustning,,antivirus,antivirus,
avaya,,,,
aveva,,,,
avhs__plattform,,,,
avhs__plattformen,,,,
avhs__produkt,,,,
avionik,,,,
awk,,awk,awk,
aws ec2,,amazon web services ec2,amazon web services,
ax__applikationen,,microsoft dynamics ax,microsoft dynamics ax,
ax__installationer,,microsoft dynamics ax,microsoft dynamics ax,
ax__konsult,,microsoft dynamics ax,microsoft dynamics ax,
ax__miljön,,microsoft dynamics ax,microsoft dynamics ax,
axis__motion__guard,,,,
axis__produkter,,,,
axis_video_hosting_system,,,,
azure,,azure,azure,
azure_ad_connect,,azure active directory connect,azure,
babel,,babel,babel,
babylon.js,,babylon.js,javascript,
back end,,back end,back end,
backbone,,backbone.js,javascript,
backbone.js,,backbone.js,javascript,
backend applikationer,,back end,back end,
backendlösningar,,back end,back end,
backends,,back end,back end,
backendsystem,,back end,back end,
backendtjänster,,back end,back end,
backup,,backup,backup,
backuphantering,,backup,backup,
backuplösningar,,backup,backup,
backupprogramvaror,,backup,backup,
backupsystem,,backup,backup,
bacnet,,,,
balsamiq,,,,
balsamiq mockups,,,,
bamboo,,,,
bapis,,mysap,mysap,
bar,,,,
barium,,,,
baseband,,,,
bash,,bash,bash,
bash script,,bash,bash,
basic,,basic,basic,
basprogram,,,,
bastjänster,,,,
batch,,batch,batch,
batch script,,batch,batch,
batchfile,,batch,batch,
batchkörningar,,batch,batch,
bcp,,,,
bdd,,,,
beanstalk,,,,
bearbetningssystem,,,,
begreppsmodellering,,,,
behovsanalys,,,,
behovsbedömning,,,,
behovsfångst,,,,
behovshantering,,,,
behovsinsamling,,,,
behovskartläggning,,,,
behörighetsadministration,,,,
behörighetshantering,,,,
behörighetskontrollsystem,,,,
behörighetslösningar,,,,
behörighetsområdet,,,,
behörighetsstyrning,,,,
behörighetssystem,,,,
behörighetstilldelning,,,,
benchmarking,,,,
beräkningsmetoder,,,,
beräkningssystem,,,,
beräkningsunderlag,,,,
beräkningsvetenskap,,,,
besched,,,,
betalkortslösningar,,,,
betallösningar,,,,
betalningsapplikationer,,,,
betalningshantering,,,,
betalningslösningar,,,,
betalsystem,,,,
betaltjänster,,,,
bevakningssystem,,,,
bgp,,,,
bi,,business intelligence,business intelligence,
bi-lösning,,business intelligence,business intelligence,
bi-området,,business intelligence,business intelligence,
bi-verktyg,,business intelligence,business intelligence,
big data,,big data,big data,
bigip,,,,
bildanalys,,bildanalys,bildanalys,
bildbankshantering,,,,
bildbearbetning,,bildbearbetning,bildbearbetning,
bildbehandling,,bildbearbetning,bildbearbetning,
bildbehandlingsområdet,,bildbearbetning,bildbearbetning,
bildbehandlingsverktyg,,bildbearbetning,bildbearbetning,
bildhantering,,bildbearbetning,bildbearbetning,
bildredigering,,bildbearbetning,bildbearbetning,
bildredigeringsprogram,,bildbearbetning,bildbearbetning,
bildredigeringsverktyg,,bildbearbetning,bildbearbetning,
bildsensor,,,,
bildteknik,,,,
bim-projektering,,,,
bim-system,,,,
bind,,,,
bioinformatik,,,,
bioteknik,,,,
biovetenskap,,,,
bis,,,,
bison,,,,
bitbake,,,,
bitbucket,,bitbucket,bitbucket,
bitlocker,,,,
biztalk,,,,
blender,,blender,3d,
blitzbasic,,,,
blockskit,,,,
bluemix,,,,
bluespec,,,,
bluetooth,,bluetooth,bluetooth,
bootstrap,,bootstrap,css,
bpel,,,,
bpm,,,,
bpmn,,,,
brainfuck,,brainfuck,brainfuck,
brandvägg,,brandväggar,brandväggar,
brandväggar,,brandväggar,brandväggar,
brandväggshantering,,brandväggar,brandväggar,
brandväggskonfiguration,,brandväggar,brandväggar,
brandväggskonfigurering,,brandväggar,brandväggar,
brandväggslösningar,,brandväggar,brandväggar,
brandväggsprodukter,,brandväggar,brandväggar,
brandväggssystem,,brandväggar,brandväggar,
brandväggsteknik,,brandväggar,brandväggar,
bredband,,bredband,bredband,
bredbandsföretag,,bredband,bredband,
bredbandsnät,,bredband,bredband,
brightscript,,,,
brm,,,,
brocade,,,,
brocade san,,,,
browserstack,,,,
bsd,,bsd,bsd,
bug tracking,,felhantering,felhantering,
buggfixning,,felhantering,felhantering,
buggrättning,,felhantering,felhantering,
business intelligence,,,,
bw,,,,
byggnadsautomation,,,,
byggnationer,,,,
byggplatsuppföljning,,,,
byggprocessen,,,,
byggramverk,,,,
byggscript,,,,
byggservrar,,,,
byggstöd,,,,
byggsystem,,,,
byggteknik,,,,
byggverksamhet,,,,
byggverktyg,,,,
c,,c,c,
c plusplus programmerare,,c++,c++,
c plusplus utvecklare,,c++,c++,
c plusplus utvecklare,,c++,c++,
c plusplus utvecklare,,c++,c++,
c plusplusoch,,c++,c++,
c__programmer,,c,c,
c__programmering,,c,c,
c__programming,,c,c,
c__sharp,,c#,c#,
c__utvecklare,,c,c,
c__utveckling,,c,c,
c_plusplus,,c++,c++,
c-programmering,,c,c,
c#,,c#,c#,
c#.net,,.net,.net,
c++,,c++,c++,
caching,,caching,caching,
cacti,,Övrigt,Övrigt,
cad,,cad,cad,
cad__program,,cad,cad,
cad-arbete,,cad,cad,
cad-program,,cad,cad,
cad-samordning,,cad,cad,
cad-system,,cad,cad,
cad-verktyg,,cad,cad,
cadence,,,,
cadritning,,cad,cad,
calypso,,,,
cam,,,,
camel,,,,
camtasia,,,,
can,,,,
canalyzer,,,,
canape,,,,
canoe,,,,
canopen,,,,
canvas,,canvas,canvas,
capl,,,,
carmenta,,,,
carrier ethernet,,,,
cartocss,,cartocss,css,
cascading style,,css,css,
cash management,,cashing,cashing,
cassandra,,cassandra,nosql,
casting,,,,
catia,,,,
catia v5,,,,
ccdp,,,,
ccie,,,,
ccna,,,,
ccna certifiering,,,,
ccnp,,,,
ccnp routing,,,,
ccnp-certifiering,,,,
ccsa,,,,
ccse,,,,
cctv-system,,,,
cdc,,,,
cdi,,,,
cdp,,,,
cdrator,,,,
celery,,,,
centos,,,,
certifieringar,,,,
certifieringsprogram,,,,
certifikat,,,,
certifikathantering,,,,
certifikatsadministration,,,,
ceylon,,,,
cf__engine,,,,
cfengine,,,,
change management,,,,
changehantering,,,,
chapel,,,,
check point,,,,
checklists,,,,
ci,,ci,ci,
ci/cd,,ci/cd,ci/cd,
cics,,,,
cisa,,,,
cisco,,,cisco,
cisco asa,,,cisco,
cisco certified,,,cisco,
cisco certified design associate,,,cisco,
cisco certifiering,,,cisco,
cisco cucm,,,cisco,
cisco ios,,,cisco,
cisco nexus,,,cisco,
cisco routers,,,cisco,
cisco switchar,,,cisco,
ciscomiljöer,,,cisco,
ciscoprodukter,,,cisco,
ciscos,,,cisco,
cism,,,,
cissp,,,cisco,
citect,,,,
citrix,,citrix,citrix,
citrix server,,citrix server,citrix,
citrixsystem,,citrix,citrix,
classic asp,,asp.net,asp.net,
clean,,,,
clearance,,,,
clearing,,,,
cli,,cli,cli,
click,,,,
clojure,,clojure,clojure,
cloud,,cloud,cloud,
cloud computing,,cloud,cloud,
cloudformation,,cloud,cloud,
cloudfront,,,,
cloudhosting,,cloud,cloud,
cloudlösningar,,cloud,cloud,
cloudteknik,,cloud,cloud,
cloudtjänster,,cloud,cloud,
clr_integration,,,,
cls,,,,
clustering,,,,
cm-hantering,,,,
cmake,,cmake,cmake,
cms,,content management system,content management system,
cms__system,,content management system,content management system,
cms__verktyg,,content management system,content management system,
cms-lösningar,,content management system,content management system,
cms-verktyg,,content management system,content management system,
cna,,,,
cnc,,,,
cnc-maskiner,,,,
cni,,,,
cns,,,,
cobit,,,,
cobol,,,,
cocoa,,,,
code review,,code review,workflow,
codecs,,,,
codedui,,,,
codeigniter,,,,
codesys,,,,
coffeescript,,coffeescript,javascript,
cognos,,,,
cognos tm1,,,,
coldfusion,,,,
common criteria,,,,
common lisp,,,,
common workflow language,,,,
commvault,,,,
compact framework,,,,
compilers,,,,
component pascal,,,,
composer,,,,
comtest,,,,
concurrent programming,,,,
confidence intervals,,,,
configuration management,,,,
configuring,,,,
confluence,,,,
connectivity,,,,
container,,containers,containers,
containerbaserade,,containers,containers,
containerhantering,,containers,containers,
containeriseringsplattformar,,containers,containers,
containerization,,containers,containers,
containerized,,containers,containers,
containers,,containers,containers,
containrar,,containers,containers,
content management,,content management system,content management system,
continuous delivery,,cd,cd,
continuous integration,,ci,ci,
controllerarbete,,,,
copywriting,,copywriting,copywriting,
coq,,,,
cordova,,,,
core network,,,,
coreldraw,,,,
corenät,,,,
cosmic,,,,
couchbase,,,,
country,,,,
cover,,,,
coverity,,,,
cpk,,,,
cpld,,,,
cpu,,,,
cpus,,,,
creo,,,,
crm,,,,
crm__system,,,,
crm-program,,,,
crm-system,,,,
crm-verktyg,,,,
crystal,,crystal,crystal,
csa,,,,
csharp,,c#,c#,
csharp,,c#,c#,
csharp__programmering,,c#,c#,
csharp__utvecklare,,c#,c#,
csharp__utveckling,,c#,c#,
csharpdotnet,,.net,.net,
csharpsharp,,c#,c#,
css,,css,css,
css__ramverk,,css framework,css,
css__ramverket,,css framework,css,
css-ramverk,,css framework,css,
css3,,css,css,
csslp,,css,css,
csv,,csv,csv,
cti,,,,
cucumber,,,,
cuda,,,,
custody,,,,
customizing,,,,
cvi,,,,
cvs,,,,
cybersäkerhet,,it-säkerhet,it-säkerhet,
cybersäkerhetsområdet,,it-säkerhet,it-säkerhet,
cygwin,,cygwin,cygwin,
cytostatika,,,,
d3,,d3.js,javascript,
d3.js,,d3.js,javascript,
dac,,,,
danska,,,,
dapper,,,,
dart,,dart,dart,
darwin,,,,
data guard,,data guard,data guard,
data mining,,data mining,data mining,
data warehouse,,data warehouse,data warehouse,
data warehousing,,data warehouse,data warehouse,
data-mining,,data mining,data mining,
dataanalys,,dataanalys,dataanalys,
dataarkitektur,,dataarkitektur,dataarkitektur,
databas,,databas,databas,
databasadministration,,databasadministration,administration,
databasarkitektur,,databasarkitektur,databas,
databasdesign,,databasdesign,databas,
databasdrift,,databasdrift,databas,
databaser,,databas,databas,
databasfrågor,,databas,databas,
databasförvaltning,,databas,databas,
databashantering,,databasdrift,databas,
databaskonfiguration,,databasdrift,databas,
databaskopplingar,,databasdrift,databas,
databaslösningar,,databas,databas,
databasmigrering,,databasdrift,databas,
databasmiljöer,,databas,databas,
databasmodellering,,databasdrift,databas,
databasmodulering,,databasdrift,databas,
databasmotor,,databas,databas,
databasoptimering,,databasdrift,databas,
databasschema,,databas,databas,
databasstruktur,,databas,databas,
databassystem,,databas,databas,
databassökningar,,databas,databas,
databastabeller,,databas,databas,
databasteknik,,databas,databas,
databastjänster,,databas,databas,
databasuppbyggnad,,databas,databas,
databasvana,,databas,databas,
databasverktyg,,databas,databas,
databearbetning,,databearbetning,databearbetning,
databehandling,,databehandling,databehandling,
datadistribution,,datadistribution,data-relaterat,
datadokumentation,,datadokumentation,data-relaterat,
datafrågor,,datafrågor,data-relaterat,
dataförsörjning,,dataförsörjning,data-relaterat,
dataförädling,,dataförädling,data-relaterat,
dataguard,,data guard,data guard,
datahantering,,datahantering,data-relaterat,
datainmatning,,datainmatning,data-relaterat,
datainriktning,,datainriktning,data-relaterat,
datainsamling,,datainsamling,data-relaterat,
dataintegration,,dataintegration,data-relaterat,
datakommunikation,,datakommunikation,data-relaterat,
datakommunikationsområdet,,datakommunikationsområdet,data-relaterat,
datakommunikationssystem,,datakommunikationssystem,data-relaterat,
datakonvertering,,datakonvertering,data-relaterat,
datalager,,datalager,data-relaterat,
datalagerlösningar,,datalagerlösningar,data-relaterat,
datalagring,,datalagring,data-relaterat,
datalagringslösningar,,datalagringslösningar,data-relaterat,
datalogi,,,,
datamaterial,,,,
datamigrering,,,,
datamodellering,,,,
dataskydd,,,,
dataskyddsarbete,,,,
dataskyddsfrågor,,,,
dataskyddslagstiftning,,,,
dataspelsföretag,,,,
datastruktur,,,,
datasystem,,,,
datasäkerhet,,it-säkerhet,it-säkerhet,
datateknik,,,,
datateknisk utbildning,,,,
datatjänster,,,,
datautbildning,,,,
datautrustning,,,,
datauttag,,,,
datautvinning,,,,
datavalidering,,,,
datavana,,,,
datavetenskap,,,,
datavetenskaplig utbildning,,,,
datavisualisering,,,,
datawarehouse,,datawarehouse,datawarehouse,
datawarehousing,,datawarehouse,datawarehouse,
dataöverföring,,,,
datomic,,,,
datorarkitektur,,,,
datordrift,,,,
datorgrafik,,,,
datorhårdvara,,,,
datorkommunikation,,,,
datorkunskaper,,,,
datorlingvistik,,,,
datornätverk,,,,
datorprogram,,,,
datorseende,,,,
datorsystem,,,,
datorsäkerhet,,it-säkerhet,it-säkerhet,
db2,,,,
dbd,,,,
dbms,,,,
dchp,,,,
dcpu-16 asm,,,,
dcs-system,,,,
ddd,,,,
ddos,,ddos,it-säkerhet,
debian,,debian,operativsystem,
debug,,,,
debugger,,,,
debuggers,,,,
decoder,,,,
dect-telefoner,,,,
defekter,,,,
definiering,,,,
delansvar,,,,
delegering,,,,
deletion,,,,
delmia,,,,
delmontage,,,,
delning,,,,
delphi,,,,
demomiljöer,,,,
dependency injection,,dependency injection,dependency injection,
derivat,,,,
design,,design,design,
design patterns,,design patterns,design patterns,
designarbete,,design,design,
designdokumentation,,designdokumentation,design,
designerfarenhet,,design,design,
designforskning,,design,design,
designfrågor,,design,design,
designförändringar,,design,design,
designlösningar,,design,design,
designmetoder,,designmetoder,design,
designmetodik,,designmetodik,design,
designmodeller,,designmodeller,design,
designmönster,,design,design,
designplaner,,designplaner,design,
designprinciper,,designprinciper,design,
designprocessen,,designprocessen,design,
designprogram,,design,design,
designprojekt,,design,design,
designspecifikationer,,design,design,
designsystem,,design,design,
designsäkerhet,,designsäkerhet,design,
designteam,,design,design,
designteknik,,designteknik,design,
designuppdrag,,design,design,
designverktyg,,design,design,
designvetenskap,,design,design,
detektion,,,,
device drivers,,,,
dfa,,,,
dft,,,,
dhcp,,dhcp,dhcp,
dhtml,,dhtml,dhtml,
digital bildbehandling,,,,
digital command language,,,,
digital design,,,,
digital marknadsföring,,,,
digital signage,,,,
digitaliseringsarbete,,,,
digitaliseringsfrågor,,,,
digitaliseringsområdet,,,,
digitaliseringsprocess,,,,
digitaliseringsprojekt,,,,
digitaliseringstjänster,,,,
digitaliseringsutvecklingsprojekt,,,,
digitalkommunikation,,,,
digitalteknik,,,,
diktering,,,,
dimensionering,,,,
dimensionsmodellering,,,,
direct3d,,direct3d,3d,
directx,,,,
displaysystem,,,,
dissemination,,,,
distansarbete,,remote work,remote work,
distansundervisning,,,,
disti,,,,
distribuerade system,,,,
distributed computing,,,,
distribution,,,,
distributionssystem,,,,
distributionsverktyg,,,,
dita,,,,
django,,django,django,
dl1,,,,
dm,,,,
dmz,,dmz,dmz,
dns,,dns,dns,
dnssec,,dbssec,dns,
docato,,,,
docbook,,,,
docker,,docker,container,
dockerfile,,docker,container,
doe,,,,
dojo,,,,
dokumentation,,dokumentation,dokumentation,
dokumentationsarbete,,dokumentation,dokumentation,
dokumentationshanteringssystem,,dokumentation,dokumentation,
dokumentationsmetoder,,dokumentation,dokumentation,
dokumentationssystem,,dokumentation,dokumentation,
dokumentationsvana,,dokumentation,dokumentation,
dokumenterad säkerhetsteknikutbildning,,it-säkerhet,it-säkerhet,
domänadministration,,dns,dns,
domändriven design,,domändriven design,domändriven design,
domänhantering,,dns,dns,
domänmodellering,,dns,dns,
dos,,,,
dot,,,,
dotnet,,.net,.net,
dotnet grupp,,.net,.net,
dotnet lösningar,,.net,.net,
dotnet miljö,,.net,.net,
dotnet miljön,,.net,.net,
dotnet plattform,,.net,.net,
dotnet plattformen,,.net,.net,
dotnet ramverket,,.net,.net,
dotnet utvecklare,,.net,.net,
dotnet utveckling,,.net,.net,
dovecot,,,,
dpcom,,,,
dpdk,,,,
drawing,,,,
driftsäkerhet,,it-säkerhet,it-säkerhet,
driftsäkerhetsanalyser,,it-säkerhet,it-säkerhet,
drm,,,,
dropwizard,,,,
drupal,,,,
dsc,,,,
dsl,,,,
dsp,,,,
dspace,,,,
dtrace,,,,
duc,,,,
ductus,,,,
dw,,,,
dwdm,,,,
dxc,,,,
dylan,,,,
dynamics,,,,
dynamics crm,,,,
dynamics_ax,,,,
dynamics_nav,,,,
dynamodb,,,,
dynatrace,,,,
e-commerce,,e-handel,e-handel,
e-handel,,e-handel,e-handel,
e-handelslösningar,,e-handel,e-handel,
e-handelsplatser,,e-handel,e-handel,
e-handelsplattformar,,e-handel,e-handel,
e-handelssystem,,e-handel,e-handel,
e-hälsofrågor,,e-handel,e-handel,
e-learning,,e-learning,e-learning,
e3,,e3,3d,
e3d,,e3d,3d,
eagle,,,,
easymock,,,,
ebr,,,,
ec2,,,,
ecc,,,,
eclipse,,eclipse,eclipse,
eclipselink,,eclipse,eclipse,
ecm,,,,
ecmascript,,ecmascript,javascript,
ecompanion,,,,
ecu,,,,
edi,,,,
edifact,,,,
edirectory,,,,
editing,,,,
edp_future,,,,
edp_mobile,,,,
eeg,,,,
efecte,,,,
eiffel,,,,
ejb,,,,
ejb3,,,,
ejb3 jboss,,,,
ekg,,,,
elastic,,elasticsearch,elasticsearch,
elastic beanstalk,,elastic beanstalk,elasticsearch,
Elastic_Beanstalk,,elastic beanstalk,elasticsearch,
elasticsearch,,elasticsearch,elasticsearch,
electromagnetic compatibility,,,,
element,,,,
elixir,,elixir,elixir,
elk stack,,elk stack,logging,
elm,,elm,elm,
emacs,,emacs,emacs,
emacs lisp,,,,
emarketeer,,,,
embedded,,embedded,embedded,
embedded linux,,embedded linux,embedded,
embedded system,,embedded,embedded,
embeddedlösningar,,embedded,embedded,
ember,,,,
emberscript,,,,
emc,,,,
emd,,,,
emulation,,,,
emulator,,,,
emulatorer,,,,
emulators,,,,
encoding,,encoding,encoding,
encryption,,encryption,encryption,
endorsement,,,,
endpoint,,,,
eng,,,,
engelska,,,,
enhetshantering,,,,
enhetstestning,,enhetstestning,testning,
enovia,,,,
enterprise linux,,linux,operativsystem,
entity framework,,,,
epi,,epi server,epi server,
epi__server,,epi server,epi server,
epics,,,,
epics__based,,,,
epidemiologi,,,,
episerver,,,,
episerver cms,,epi server,epi server,
episerver commerce,,epi server,epi server,
episerver__projekt,,epi server,epi server,
episerver__utvecklare,,epi server,epi server,
episerver__utveckling,,epi server,epi server,
eplan p8,,,,
eplan_p8,,,,
epm,,,,
erlang,,erlang,erlang,
erp,,,,
erp systems,,,,
erp-lösningar,,,,
erp-system,,,,
es2015,,es2015,javascript,
es201x,,es201x,javascript,
es6,,es6,javascript,
esb,,,,
espa,,,,
esperanto,,,,
espresso,,,,
estetik,,,,
estimering,,,,
esx,,,,
esxi,,,,
etcs,,,,
ethercat,,,,
ethernet,,ethernet,ehternet,
ethiris,,,,
etl,,,,
etl-verktyg,,,,
etsi,,,,
exadata,,,,
exchange server,,,,
exploatering,,exploatering,it-säkerhet,
exploratory testing,,exploratory testing,testning,
extjs,,,,
extraktion,,,,
f*,,f*,f*,
f#,,f#,f#,
f5,,,,
factor,,,,
failover clustering,,,,
fancy,,,,
far,,,,
fastest,,,,
fat,,,,
fedora,,fedora/linux,operativsystem,
felanalys,,felhantering,felhantering,
felhantering,,felhantering,felhantering,
felrapportering,,felhantering,felhantering,
felsökning,,felsökning,felsökning,
felsökningsfärdigheter,,felsökning,felsökning,
felsökningsförmåga,,felsökning,felsökning,
felsökningsmetodik,,felsökning,felsökning,
felsökningsverktyg,,felsökning,felsökning,
felutredningar,,felsökning,felsökning,
fenix,,,,
fi,,,,
fiber,,fiberinstallationer,fiberinstallationer,
fiberbyggnation,,fiberinstallationer,fiberinstallationer,
fiberinstallationer,,fiberinstallationer,fiberinstallationer,
fibernät,,fiberinstallationer,fiberinstallationer,
fiberplanering,,fiberinstallationer,fiberinstallationer,
fibersvetsning,,fiberinstallationer,fiberinstallationer,
fiberteknik,,fiberinstallationer,fiberinstallationer,
fiberutrustning,,fiberinstallationer,fiberinstallationer,
fiddler,,fiddler,fiddler,
firebase,,firebase,firebase,
firebird,,firebird,sql,
firefox,,firefox,webbläsare,
firepower,,firepower,cicsco,
firewall,,brandväggar,brandväggar,
firewalling,,brandväggar,brandväggar,
firewalls,,brandväggar,brandväggar,
first-line support,,first-line support,first-line support,
firstline,,first-line support,first-line support,
flask,,flask,flask,
flatpacks,,,,
flertrådade,,multithreading,multithreading,
flexray,,,,
flinto,,,,
flume,,,,
flutter,,flutter,flutter,
flux,,,,
flödesdiagram,,flödesdiagram,flödesdiagram,
fme,,,,
fme__certifierade,,,,
fme__experter,,,,
fme__licenser,,,,
fmea,,,,
fmeca,,,,
forefront,,,,
formatkonvertering,,,,
formatutveckling,,,,
forth,,,,
fortigate,,fortigate,fortigate,
fortinet,,fortigate,fortigate,
fortinet fortigate,,fortigate,fortigate,
fortran,,,,
fpga,,,,
freebsd,,freebsd,freebsd,
freemarker,,,,
freertos,,,,
frege,,,,
frekvensanalys,,,,
front end,,front end,front end,
frontendarbete,,front end,front end,
frontendarkitektur,,front end,front end,
frontutveckling,,front end,front end,
fsharp,,f#,f#,
fta,,,,
ftp,,ftp,ftp,
fullstackutveckling,,full stack,full stack,
fullt personalansvar,,personalansvar,personalansvar,
functional programming,,functional programming,functional programming,
funktionalitetstester,,funktionalitetstester,testning,
funktionell programmering,,functional programming,functional programming,
funktionella tester,,funktionalitetstester,testning,
funktionssäkerhet,,it-säkerhet,it-säkerhet,
funktionstest,,funktionalitetstester,testning,
fuse,,,,
fw,,,,
g__suite,,google,google,
ga,,google analytics,google,
game engines,,game engines,game engines,
game maker language,,game maker language,game engines,
gamp,,,,
gan,,,,
gap,,,,
gapanalys,,,,
garp,,,,
gasanalys,,,,
gateway,,,,
gateways,,,,
gcc,,gcc,gcc,
gcc machine description,,,,
gcp,,google cloud platform,google cloud platform,
gdb,,,,
gdscript,,gdscript,gdscript,
generis,,,,
genesys,,,,
genivi,,,,
genshi,,,,
geodata,,,,
geodesi,,,,
geometri,,,,
geoteknik,,,,
gerrit,,,,
gettext catalog,,,,
gherkin,,,,
giac,,,,
gimp,,gimp,gimp,
gis,,,,
gis__program,,,,
gis__programvaror,,,,
gis-arbete,,,,
gis-frågor,,,,
gis-system,,,,
git,,git,versionhantering,
github__,,github,versionhantering,
github.com,,github,versionhantering,
gitlab,,gitlab,versionhantering,
gitlab ci,,gitlab ci,ci,
glassfish,,,,
glp,,,,
glsl,,,,
gmp,,,,
gmu,,,,
gnu,,gnu,gnu,
gnuplot,,,,
go,,go,go,
gobject,,,,
gof,,,,
goldengate,,,,
golf,,,,
google,,google,google,
google adwords,,google adwords,google,
google analytics,,google analytics,google analytics,
google cloud platform,,google cloud platform,google cloud platform,
google docs,,google docs,google,
google drive,,google drive,google,
google guice,,google guice,google,
google-annonsering,,google,google,
googledrive,,google drive,google,
goop,,,,
gosu,,,,
gpfs,,,,
gpio,,gpio,gpio,
gpo-hantering,,group policy object,group policy object,
gpo:er,,group policy object,group policy object,
gps,,navigationssystem,navigationssystem,
gpu-programmering,,gpu-programmering,gpu-programmering,
gradle,,,,
grafana,,,,
grafdatabaser,,grafdatabaser,grafdatabaser,
grafisk design,,design,design,
grafisk formgivning,,design,design,
grafisk layout,,design,design,
grafisk produktion,,design,design,
grafisk utformning,,design,design,
grafiska gränssnitt,,design,design,
grafteori,,,,
grails,,,,
graph,,,,
Graph QL,,graph ql,graph ql,
graphic design,,design,design,
graphics,,design,design,
graphite,,,,
GraphQL,,graph ql,graph ql,
graphql,,,,
graphwalker,,,,
grep,,,,
grid,,,,
groff,,,,
groovy,,,,
grunt,,grunt,grunt,
gränssnittsdesign,,design,design,
gsharp,,,,
gsm,,,,
gstreamer,,,,
gts,,,,
gui-design,,design,design,
gulp,,gulp,gulp,
gwt,,,,
gxp,,,,
h_264,,,,
h_265,,,,
hack,,it-säkerhet,it-säkerhet,
hackning,,it-säkerhet,it-säkerhet,
hadoop,,,,
handlebars,,handlebars,handlebars,
haproxy,,,,
haskell,,haskell,haskell,
haxe,,,,
hbase,,,,
hci,,,,
hcl,,,,
hdfs,,,,
help desk,,,,
heroku,,heroku,heroku,
heroma,,,,
hfss,,,,
hi-fi,,,,
hibernate,,,,
hil,,,,
hindi,,,,
hive,,,,
hl7,,,,
hla,,,,
hls,,,,
hlsl,,,,
hmi,,,,
hmtl,,,,
hogia,,,,
hotanalyser,,hotbildsanalyser,it-säkerhet,
hotbildsanalyser,,hotbildsanalyser,it-säkerhet,
hp alm,,hp alm,hp,
hp loadrunner,,hp loadrunner,hp,
hrm-system,,,,
hsl,,,,
htlm,,,,
htmal,,,,
html,,html,html,
html based,,html,html,
html5,,html,html,
http,,http/https,http/https,
http/https,,http/https,http/https,
https,,http/https,http/https,
hubspot,,,,
hudson,,,,
hvac-system,,,,
hw-utveckling,,,,
hy,,,,
hydraulik,,,,
hyper-v,,virtual machine,virtual machine,
hyperion,,,,
hypervisor,,,,
hypervisors,,,,
hårdvara,,hårdvaru-kunskap,hårdvaru-kunskap,
hårdvaran,,hårdvaru-kunskap,hårdvaru-kunskap,
hårdvarufel,,hårdvaru-kunskap,hårdvaru-kunskap,
hårdvarufrågor,,hårdvaru-kunskap,hårdvaru-kunskap,
hårdvaruintegration,,hårdvaruintegration,hårdvaru-kunskap,
hårdvaruintegration,,hårdvaruintegration,hårdvaru-kunskap,
hårdvaruintegration,,hårdvaruintegration,hårdvaru-kunskap,
hårdvaruintegration,,hårdvaruintegration,hårdvaru-kunskap,
hårdvaruinventering,,hårdvaru-kunskap,hårdvaru-kunskap,
hårdvarukomponenter,,hårdvaru-kunskap,hårdvaru-kunskap,
hårdvarukonstruktion,,hårdvarukonstruktion,hårdvaru-kunskap,
hårdvarukunskap,,hårdvaru-kunskap,hårdvaru-kunskap,
hårdvarulösningar,,hårdvaru-kunskap,hårdvaru-kunskap,
hårdvarunära programmering,,hårdvarunära programmering,hårdvaru-kunskap,
hårdvaruprodukter,,hårdvaru-kunskap,hårdvaru-kunskap,
hårdvarutest,,hårdvarutest,testning,
högnivåprogrammering,,högnivåprogrammering,programmering,
högnivåspråk,,högnivåspråk,programmering,
i.net,,,,
i2,,,,
i2c,,,,
iaas,,,,
iam,,,,
iar embedded,,,,
iar workbench,,,,
ibase,,,,
ibm bpm,,,ibm,
ibm integration bus,,,ibm,
ibm mainframe,,,ibm,
ibm mq,,,ibm,
ibm tivoli,,,ibm,
ibm websphere,,,ibm,
icinga,,,,
icke-funktionell testning,,icke-funktionell testning,testning,
icmp,,icmp,icmp,
icp,,,,
ics,,,,
idesk,,,,
idl,,,,
idm,,,,
idm__gruppering,,,,
idm__området,,,,
idriftsättning,,,,
idrifttagning,,,,
idris,,,,
ids,,,,
iec61508,,,,
ieee,,ieee,ieee,
ifacts,,,,
ifix,,,,
ifs,,,,
ifs applications,,,,
iga,,,,
igor pro,,,,
iipax,,,,
iis,,,,
ikt,,,,
ikt-frågor,,,,
ilcms,,,,
ils,,,,
image processing,,,,
imageready,,,,
imap,,imap,imap,
imi supply chain,,,,
impa,,,,
impala,,,,
ims,,,,
inca,,,,
incidenthantering,,,,
incidentstatistik,,,,
incidentutredningar,,,,
incitamentsprogram,,,,
industriautomation,,,,
industriella styrsystem,,,,
infoblox,,,,
inform 7,,,,
informatica,,,,
informatica powercenter,,,,
informationssäkerhet,,it-säkerhet,it-säkerhet,
informationssäkerhetsanalyser,,it-säkerhet,it-säkerhet,
informationssäkerhetsarbete,,it-säkerhet,it-säkerhet,
informationssäkerhetsfrågor,,it-säkerhet,it-säkerhet,
informationssäkerhetsområdet,,it-säkerhet,it-säkerhet,
informix,,,,
infotainmentsystem,,,,
ingres,,,,
inno setup,,,,
integration,,,,
integration testing,,integration testing,testning,
integrationsramverk,,,,
integrationstest,,integration testing,testning,
integritetsskydd,,,,
intellij,,,,
intellij idea,,,,
interaktionsdesign,,interaktionsdesign,design,
interface,,,,
internet of things,,internet of things,internet of things,
internetmarknadsföring,,,,
internrapportering,,internrapportering,workflow,
interoperabilitet,,,,
intervention,,,,
intrångsdetektering,,intrångsdetektering,it-säkerhet,
inventor,,,,
inversion,,,,
invision,,,,
io,,,,
ioc,,,,
ioc__ramverk,,,,
ionic,,ionic,ionic,
ios,,ios-utveckling,ios-utveckling,
ios xr,,ios-utveckling,ios-utveckling,
ios-applikationer,,ios-utveckling,ios-utveckling,
ios-apputveckling,,ios-utveckling,ios-utveckling,
iot,,internet of things,internet of things,
ip,,ip-address,ip-address,
ip-frågor,,ip-address,ip-address,
ip-nät,,ip-address,ip-address,
ip-protokoll,,ip-address,ip-address,
ip-routing,,ip-address,ip-address,
ip-teknik,,ip-address,ip-address,
ip-telefoni,,ip-address,ip-address,
ipma,,,,
iprint,,,,
ipsec,,ipsec,ipsec,
iptables,,ip-address,ip-address,
iptv,,ip-address,ip-address,
ipv6,,ip-address,ip-address,
ir,,,,
irm,,,,
ironport,,,,
isabelle,,,,
iscsi,,,,
iseb,,,,
iseries,,,,
ismp,,,,
istqb,,,,
istqb certifiering,,,,
istqb foundation,,,,
it-säkerhet,,it-säkerhet,it-säkerhet,
it-säkerhetsarbete,,it-säkerhet,it-säkerhet,
it-säkerhetsarkitektur,,it-säkerhet,it-säkerhet,
it-säkerhetschefsutbildning,,it-säkerhet,it-säkerhet,
it-säkerhetsfrågor,,it-säkerhet,it-säkerhet,
it-säkerhetsområdet,,it-säkerhet,it-säkerhet,
it-säkerhetsprodukter,,it-säkerhet,it-säkerhet,
it-säkerhetsstandarder,,it-säkerhet,it-säkerhet,
it-säkerhetssystem,,it-säkerhet,it-säkerhet,
itil,,,,
itil foundation,,,,
itp,,,,
its,,,,
j query,,jquery,jquery,
j2,,,,
j2ee,,java,java,
j2se,,java,java,
jaas,,,,
jakarta ee,,,,
jakt,,,,
jautomate,,,,
java,,java,java,
java,,java,java,
java,,java,java,
java based,,java,java,
java beans,,javabeans,java,
java enterprise edition,,java,java,
java programming,,java,java,
java swing,,java,java,
java_ee,,java,java,
java-applikationer,,java,java,
java8,,java,java,
javabaserad,,java,java,
javabaserade,,java,java,
javabaserade,,java,java,
javabeans,,javabeans,java,
javabeans,,javabeans,java,
javabeans3,,javabeans,java,
javadoc,,javadoc,java,
javaee,,javaee,java,
javaee-utveckling,,javaee,java,
javafx,,java,java,
javagruppering,,java,java,
javajobb,,java,java,
javakompetens,,java,java,
javakonsulter,,java,java,
javakunskaper,,java,java,
javamiljö,,java,java,
javaområdet,,java,java,
javaplattformen,,java,java,
javapos,,java,java,
javapreferably,,java,java,
javaprofil,,java,java,
javaprogrammering,,java,java,
javaprogrammering,,java,java,
javascript,,javascript,javascript,
javascript,,javascript,javascript,
javascript,,javascript,javascript,
javascript bibliotek,,javascript framworks,javascript,
javascript framework,,javascript framworks,javascript,
javascript frameworks,,javascript framworks,javascript,
javascript ramverk,,javascript framworks,javascript,
javascript utvecklare,,javascript,javascript,
javascript-bibliotek,,javascript,javascript,
javascriptare,,javascript,javascript,
javascriptbibliotek,,javascript,javascript,
javascriptkod,,java,javascript,
javascriptramverk,,javascript,javascript,
javascriptramverken,,javascript framworks,javascript,
javascriptutvecklare,,javascript,javascript,
javascriptutveckling,,javascript,javascript,
javascriptvärlden,,javascript,javascript,
javase,,java,java,
javaserver,,java,java,
javateam,,java,java,
javautvecklare,,java,java,
javautvecklare,,java,java,
javautveckling,,java,java,
javautveckling,,java,java,
javautvikling,,java,java,
jax__rs,,,,
jax__ws,,,,
jax-rs,,,,
jaxb,,,,
jbehave,,,,
jboss,,,,
Jboss_Fuse,,,,
jca,,,,
jcat,,,,
jcl,,,,
jdbc,,,,
jee,,,,
jeeves,,,,
jeeves__världen,,,,
jenkins,,,,
jetty,,,,
jira,,jira,jira,
jmeter,,,,
jms,,,,
jmx,,,,
joomla,,,,
jpa,,,,
jquery,,jquery,jquery,
jquery,,,,
js__ramar,,javascript frameworks,javascript,
jsf,,,,
json,,json,json,
jsoniq,,jsoniq,jsoniq,
jsonnet,,jsonnet,jsonnet,
jsp,,,,
jstl,,,,
jtag,,,,
julia,,,,
juniper,,,,
junit,,,,
junos,,,,
jupiter,,jypyter,jyputer,
jupyter notebook,,jyputer,jyputer,
jvm,,,,
kafka,,apache kafka,Apache,
kanalisation,,,,
kanban,,kanban,workflow,
kanzi,,,,
kartapplikationer,,kartteknik,kartteknik,
kartering,,kartteknik,kartteknik,
kartframställning,,kartteknik,kartteknik,
kartsystem,,kartteknik,kartteknik,
kartteknik,,kartteknik,kartteknik,
karttjänster,,kartteknik,kartteknik,
kartverktyg,,kartteknik,kartteknik,
kaseya,,,,
kassanova,,,,
kassasystem,,,,
katalys,,,,
kemp,,,,
kendo ui,,,,
keras,,,,
kerberos,,kerberos,kerberos,
kernel,,,,
kibana,,,,
kicad,,,,
kicad layout,,,,
kimball,,,,
kinesis,,,,
klassisk asp,,asp.net,asp.net,
klientsäkerhet,,it-säkerhet,it-säkerhet,
kml,,,,
knockout,,knockout.js,javascript,
knockout js,,knockout.js,javascript,
knockout.js,,knockout.js,javascript,
kodanalys,,kodanalys,kodanalys,
kodgranskning,,kodanalys,kodanalys,
kodoptimering,,kodanalys,kodanalys,
kodtest,,kodtester,testning,
kompilator,,kompilatorteknik,kompilatorteknik,
kompilatorteknik,,kompilatorteknik,kompilatorteknik,
kotlin,,kotlin,kotlin,
krl,,,,
kryptering,,kryptografi,kryptografi,
krypteringsteknik,,kryptografi,kryptografi,
krypto,,kryptografi,kryptografi,
kryptoapparater,,kryptografi,kryptografi,
kryptografi,,kryptografi,kryptografi,
kryptologi,,kryptografi,kryptografi,
kryptolösningar,,kryptografi,kryptografi,
kryptoprodukter,,kryptografi,kryptografi,
kryptosystem,,kryptografi,kryptografi,
kryptoteknik,,kryptografi,kryptografi,
ksh,,,,
kub,,,,
kubernetes,,kubernetes,kubernetes,
källkodshantering,,versionshantering,versionshantering,
källkodshanteringssystem,,versionshantering,versionshantering,
känslighetsanalyser,,känslighetsanalyser,it-säkerhet,
l2tp,,,,
laboratorieautomation,,laboratorieautomation,laboratorie,
laboratoriedatasystem,,laboratoriedatasystem,laboratorie,
laboratorieteknik,,laboratorieteknik,laboratorie,
lambda,,lambda,lambda,
lamp,,,,
lan,,,,
lan-tjänster,,,,
landesk,,,,
laravel,,laravel,laravel,
lasso,,,,
lastbalanserare,,loadbalancer,loadbalancer,
lastbalansering,,loadbalancer,loadbalancer,
lastdelare,,loadbalancer,loadbalancer,
latex,,,,
lauterbach,,,,
lca,,,,
lcc,,,,
ldap,,,,
leaflet,,,,
lean,,lean,workflow,
leanft,,,,
leasing,,,,
ledarerfarenhet,,ledarerfarenhet,ledarerfarenhet,
ledarskap,,ledarerfarenhet,ledarerfarenhet,
ledarskapserfarenhet,,ledarerfarenhet,ledarerfarenhet,
less,,less,css,
lex,,,,
libraries,,,,
libraries like,,,,
licens,,licenser,licenser,
licensavtal,,licenser,licenser,
licensfrågor,,licenser,licenser,
licenshantering,,licenser,licenser,
licensiering,,licenser,licenser,
licensieringsfrågor,,licenser,licenser,
lidar,,,,
liferay,,,,
lightbend,,,,
lilypond,,,,
limbo,,,,
lin,,,,
linearization,,,,
linesupport,,linesupport,linesupport,
lingvistik,,,,
linjär algebra,,linjär algebra,linjär algebra,
linq,,,,
lint,,linter,linter,
linter,,linter,linter,
linux,,linux,linux,
linux kernel,,linux,linux,
linux operativsystem,,linux,linux,
linux-miljö,,linux,linux,
linux-system,,linux,linux,
linuxadministration,,linux,linux,
linuxlösningar,,linux,linux,
linuxprodukter,,linux,linux,
linuxserver,,linux,linux,
linuxvana,,linux,linux,
liquibase,,,,
liquid,,,,
lisp,,lisp,lisp,
livelink,,,,
livescript,,,,
llrf,,,,
llvm,,,,
load balancers,,loadbalancer,loadbalancer,
load balancing,,loadbalancer,loadbalancer,
loadtest,,loadtest,testning,
logganalys,,logghantering,logghantering,
logganalysverktyg,,logghantering,logghantering,
logghantering,,logghantering,logghantering,
logghanteringssystem,,logghantering,logghantering,
loggning,,logghantering,logghantering,
logix,,,,
logos,,,,
logstash,,logstash,logghantering,
logtalk,,,,
lonworks,,,,
lookml,,,,
loomscript,,,,
lou,,,,
lsl,,,,
lsmw,,,,
lss,,,,
lte,,,,
lua,,lua,lua,
lustre,,,,
luta,,,,
lxc,,,,
m4,,,,
ma,,,,
mac,,macos,macos,
mac-miljö,,macos,macos,
machine learning,,machine learning,machine learning,
maconomy,,,,
macos,,macos,macos,
madcap flare,,,,
magenta,,,,
magento,,,,
magicad,,,,
magneto,,,,
mailchimp,,mailchimp,mailchimp,
mailservers,,mailservers,mailservers,
maintenix,,,,
makefile,,makefile,makefile,
mako,,,,
managering,,,,
manageringsplattformar,,,,
manageringssystem,,,,
mandarin,,,,
mantis,,,,
manuell testning,,manuell testning,testning,
mapforce,,,,
mapinfo,,,,
mappningar,,,,
mapreduce,,mapreduce,mapreduce,
mariadb,,mariadb,mysql,
marionette,,marionette.js,javascript,
marionette.js,,marionette.js,javascript,
markdown,,markdown,markdown,
maskininlärning,,maskininlärning,maskininlärning,
maskinnära programmering,,maskinnära programmering,programmering,
maskinsäkerhet,,it-säkerhet,it-säkerhet,
maskinteknik,,,,
masspektrometri,,,,
masterdata,,,,
masterdataförvaltning,,,,
masterdatahantering,,,,
mastintyg,,,,
matematisk modellering,,,,
matematisk statistik,,,,
mathematica,,,,
mathlab,,matlab,matlab,
matlab,,matlab,matlab,
matlab simulink,,matlab,matlab,
matrisorganisation,,,,
matrix,,,,
maven,,,,
max,,,,
maximo,,,,
maxscript,,,,
maya,,maya,3d,
mbse,,,,
mcafee,,,,
mcsa,,,,
mcts,,,,
mcu,,,,
mcv,,,,
mdi,,,,
mdm,,,,
mdt,,,,
mediawiki,,,,
medspeech,,,,
melior,,,,
memcached,,,,
memory management,,,,
meraki,,,,
mercur,,,,
mercurial,,,,
mercury,,,,
meridian,,,,
mes__system,,,,
mesh,,,,
meson,,,,
message broker,,,,
message brokers,,,,
message queues,,,,
message queuing,,,,
messaging,,,,
metadatahantering,,,,
metadatastandarder,,,,
metasploit,,metasploit,metasploit,
metavision,,,,
meteor,,meteor,javascript,
meteor.js__ramverket,,meteor,javascript,
mfc,,,,
mi,,,,
micro service,,microservices,microservices,
micro services,,microservices,microservices,
microcontrollers,,microcontroller,microcontroller,
microservice,,microservices,microservices,
microservice architecture,,microservices,microservices,
microservice based,,microservices,microservices,
microservicearkitektur,,microservices,microservices,
microservices,,microservices,microservices,
microsoft,,microsoft,microsoft,
microsoft access,,microsoft access,microsoft access,
microsoft app-v,,microsoft app-v,microsoft,
microsoft azure,,azure,azure,
microsoft bi,,power bi,power bi,
microsoft biztalk,,microsoft biztalk,microsoft biztalk,
microsoft certified professional,,microsoft certified professional,microsoft certified professional,
microsoft certified system engineer,,microsoft certified system engineer,microsoft certified system engineer,
microsoft dynamics,,microsoft dynamics,microsoft dynamics,
microsoft dynamics ax,,microsoft dynamics,microsoft dynamics,
microsoft dynamics nav,,microsoft dynamics,microsoft dynamics,
microsoft exchange,,microsoft exchange,microsoft exchange,
microsoft intune,,microsoft intune,microsoft intune,
microsoft lync,,microsoft lync,microsoft lync,
microsoft miljöer,,microsoft miljöer,microsoft,
microsoft office,,microsoft office,microsoft,
microsoft sql,,microsoft sql,sql,
microsoft visio,,microsoft visio,microsoft visio,
microsoft windows,,microsoft windows,windows,
microsoft-miljö,,microsoft,microsoft,
microsoft.net,,.net,.net,
microsoftcertifikat,,microsoftcertifikat,microsoft,
microsoftprodukter,,microsoftprodukter,microsoft,
microsofts operativsystem,,microsofts operativsystem,microsoft,
microsofts plattformar,,microsofts plattformar,microsoft,
microsofts produktsvit,,microsofts produktsvit,microsoft,
microsofts serverplattformar,,microsofts serverplattformar,microsoft,
microsofts utvecklingsmiljö,,microsofts utvecklingsmiljö,microsoft,
microstation,,,,
microtjänster,,microservices,microservices,
microwave,,,,
middleware,,middleware,middleware,
mifare,,,,
mikrocontroller,,mikrocontroller,mikrocontroller,
mikrodator,,mikrodator,mikrodator,
mikroprocessor,,mikroprocessor,mikroprocessor,
mikroservicearkitektur,,microservices,microservices,
mikroskopi,,mikroskopi,mikroskopi,
mikrotjenester,,microservices,microservices,
mikrotjänst arkitektur,,microservices,microservices,
mikrotjänster,,microservices,microservices,
mios,,,,
mips,,,,
mirah,,,,
misra,,,,
mission,,,,
mjukvaruarkitektur,,mjukvaruarkitektur,mjukvarukunskap,
mjukvarubaserad,,mjukvarubaserad,mjukvarukunskap,
mjukvarudesign,,mjukvarudesign,mjukvarukunskap,
mjukvaruerfarenhet,,mjukvaruerfarenhet,mjukvarukunskap,
mjukvarufrågor,,mjukvarufrågor,mjukvarukunskap,
mjukvaruföretag,,mjukvaruföretag,mjukvarukunskap,
mjukvaruimplementation,,mjukvaruimplementation,mjukvarukunskap,
mjukvaruinstallationer,,mjukvaruinstallationer,mjukvarukunskap,
mjukvaruintegration,,mjukvaruintegration,mjukvarukunskap,
mjukvarukomponenter,,mjukvarukomponenter,mjukvarukunskap,
mjukvarukonstruktion,,mjukvarukonstruktion,mjukvarukunskap,
mjukvarukravställning,,mjukvarukravställning,mjukvarukunskap,
mjukvarukvalitet,,mjukvarukvalitet,mjukvarukunskap,
mjukvarulicenser,,mjukvarulicenser,mjukvarukunskap,
mjukvarulösningar,,mjukvarulösningar,mjukvarukunskap,
mjukvaruprodukter,,mjukvaruprodukter,mjukvarukunskap,
mjukvaruprovning,,mjukvaruprovning,mjukvarukunskap,
mjukvarusystem,,mjukvarusystem,mjukvarukunskap,
mjukvaruteknik,,mjukvaruteknik,mjukvarukunskap,
mjukvarutestning,,mjukvarutestning,testning,
mjukvarutjänster,,mjukvarutjänster,mjukvarukunskap,
mjukvaruuppdateringar,,mjukvaruuppdateringar,mjukvarukunskap,
mjukvaruutveckling,,mjukvaruutveckling,mjukvarukunskap,
mjukvaruutvecklingsmetoder,,mjukvaruutvecklingsmetoder,mjukvarukunskap,
mjukvaruverifiering,,mjukvaruverifiering,mjukvarukunskap,
mjukvaruverktyg,,mjukvaruverktyg,mjukvarukunskap,
ml,,machine learning,machine learning,
mlir,,,,
mobila applikationer,,mobila applikationer,mobilapputveckling,
mobila enheter,,mobila enheter,mobilapputveckling,
mobilanpassning,,mobilanpassning,mobilapputveckling,
mobilappar,,mobilappar,mobilapputveckling,
mobilapplikationer,,mobilapplikationer,mobilapputveckling,
mobilapplikationsprojekt,,mobilapplikationsprojekt,mobilapputveckling,
mobilapplikationsutveckling,,mobilapplikationsutveckling,mobilapputveckling,
mobilappsutveckling,,mobilappsutveckling,mobilapputveckling,
mobildesign,,mobildesign,mobilapputveckling,
mobilspel,,mobilspel,mobilapputveckling,
mobx,,,,
mocha,,,,
mock,,,,
mockito,,,,
mocknings__ramverk,,,,
mod__bus,,,,
modbus,,,,
mode,,,,
modelica,,,,
modula-2,,,,
modultest,,modultest,testning,
molnapplikationer,,molnapplikationer,cloud,
molnarkitektur,,molnarkitektur,cloud,
molnberäkningar,,molnberäkningar,cloud,
molndrift,,molndrift,cloud,
molninfrastruktur,,molninfrastruktur,cloud,
molnlösningar,,molnmiljöer,cloud,
molnmiljöer,,molnmiljöer,cloud,
molnmiljöer,,molnmiljöer,cloud,
molnteknologi,,molnteknologi,cloud,
molnteknologi,,molnteknologi,cloud,
molnutveckling,,molnutveckling,cloud,
mom,,,,
mongo,,mongodb,nosql,
mongodb,,mongodb,nosql,
monitor,,,,
monitoreringssystem,,,,
monitoreringsverktyg,,,,
monkey,,,,
mono__tillämpningar,,,,
montering,,,,
monteringsutrustning,,,,
moonscript,,,,
moq,,,,
moshell,,,,
most,,,,
motion capture,,,,
movex,,,,
mpi,,,,
mplab,,,,
mpls,,,,
mpp,,,,
mps,,,,
mps-system,,,,
mql,,,,
mql4,,,,
mql5,,,,
mqtt,,,,
mri,,,,
ms,,,,
ms__sql,,microsoft sql,sql,
msi,,msi-paketering,msi-paketering,
msi-paketering,,msi-paketering,msi-paketering,
msmq,,,,
msp,,,,
msql,,mysql,sql,
mssql,,mysql,sql,
mstest,,,,
mtbf,,,,
mule,,,,
mulesoft,,,,
multi-core,,,,
multicast,,multicast,multicast,
multithreading,,multithreading,multithreading,
multitrådning,,multithreading,multithreading,
mvc,,mvc,mvc,
mvc__arkitektur,,mvc,mvc,
mvc__modellen,,mvc,mvc,
mvc__ramverk,,mvc,mvc,
mvc-ramverk,,mvc,mvc,
mvc5,,mvc,mvc,
mvvm,,,,
mysql,,mysql,sql,
mysql__databases,,mysql,sql,
människa-datorinteraktion,,människa-datorinteraktion,människa-datorinteraktion,
nac,,,,
nagios,,,,
nas,,nas,nas,
nasl,,,,
navigationssystem,,navigationssystem,navigationssystem,
navision,,,,
navisworks,,,,
ncl,,,,
nemerle,,,,
neo4j,,neo4j,neo4j,
neoload,,,,
nesc,,,,
netapp,,,,
netbackup,,,,
netbeans,,,,
netconf,,,,
netcool,,,,
netflow,,,,
netiq_identity_manager,,,,
netlogo,,,,
netscaler,,,,
network security,,network security,nework security,
networking,,,,
neurala nätverk,,neurala nätverk,neurala nätverk,
neuroteknik,,,,
newrelic,,,,
next,,nextjs,nextjs,front-end utveckling
next js,,nextjs,nextjs,front-end utveckling
next.js,,nextjs,nextjs,front-end utveckling
nextflow,,,,
nextjs,,nextjs,nextjs,front-end utveckling
nfc,,,,
nfs,,,,
nftables,,,,
nfv,,,,
nginx,,nginx,webserver,
ngnix,,nginx,webserver,
ngrx,,,,
nhibernate,,,,
nice,,,,
nim,,,,
nimrod,,,,
nis,,,,
nisch,,,,
nix,,,,
nlog,,,,
nmap,,nmap,nmap,
nnm,,,,
noc,,,,
node,,node.js,node.js,
node.js,,node.js,node.js,
nodejs,,node.js,node.js,
nodes,,node.js,node.js,
nonsql,,nosql,nosql,
nosql,,nosql,nosql,
nosql,,nosql,nosql,
nosql databases,,nosql,nosql,
nosql__databaser,,nosql,nosql,
nosql-databaser,,nosql,nosql,
not,,,,
notes,,,,
novaschem,,,,
novell_oes,,,,
npm,,npm,npm,
nservicebus,,,,
nsis,,,,
nsurlsession,,,,
nsx,,,,
ntp,,,,
nuget,,,,
nunit,,,,
nvidia,,nvidia,nvidia,
nx,,,,
nx-os,,,,
nyckelhantering,,,,
nätsäkerhet,,network security,network security,
nätverk,,nätverksadministration,nätverksadministration,
nätverksadministration,,nätverksadministration,nätverksadministration,
nätverksanalys,,nätverksadministration,nätverksadministration,
nätverksarbete,,nätverksadministration,nätverksadministration,
nätverksarkitektur,,nätverksadministration,nätverksadministration,
nätverksdesign,,nätverksadministration,nätverksadministration,
nätverksdrift,,nätverksadministration,nätverksadministration,
nätverkserfarenhet,,nätverksadministration,nätverksadministration,
nätverksfelsökning,,nätverksfelsökning,nätverksfelsökning,
nätverksinfrastruktur,,nätverksadministration,nätverksadministration,
nätverksinriktning,,nätverksadministration,nätverksadministration,
nätverksinstallationer,,nätverksadministration,nätverksadministration,
nätverkskameror,,nätverksadministration,nätverksadministration,
nätverkskommunikation,,nätverksadministration,nätverksadministration,
nätverkskonfiguration,,nätverksadministration,nätverksadministration,
nätverkskunskaper,,nätverkskunskaper,generellt,
nätverkslösningar,,nätverksadministration,nätverksadministration,
nätverksmiljöer,,nätverksadministration,nätverksadministration,
nätverksområdet,,nätverksadministration,nätverksadministration,
nätverksprodukter,,nätverksadministration,nätverksadministration,
nätverksprogrammering,,nätverksprogrammering,nätverksprogrammering,
nätverksprotokoll,,nätverksprotokoll,nätverksprotokoll,
nätverkssupport,,nätverkssupport,nätverkssupport,
nätverkssystem,,nätverksadministration,nätverksadministration,
nätverkssäkerhet,,network security,network security,
nätverksteknik,,nätverksteknik,nätverksteknik,
nätverkstjänster,,nätverkstjänster,nätverkstjänster,
nätverkstrafik,,nätverksadministration,nätverksadministration,
nätverksunderhåll,,nätverksadministration,nätverksadministration,
nätverksuppbyggnad,,nätverksadministration,nätverksadministration,
nätverksutrustning,,nätverksutrustning,nätverksutrustning,
nätverksverktyg,,nätverksverktyg,nätverksverktyg,
nätverksvideo,,nätverksvideo,nätverksvideo,
nätverksövervakning,,nätverksövervakning,nätverksövervakning,
nätövervakning,,nätövervakning,nätövervakning,
oauth,,oauth,oauth,
oauth2,,oauth2,oauth,
obd,,,,
obiee,,,,
objective c,,objective c,objective c,
objective_c,,objective c,objective c,
objective-c,,objective c,objective c,
objective-c++,,objective c++,objective c++,
objective-j,,objective-j,objective-j,
objectstore,,,,
objektorienterad,,objektorienterad,objektorienterad,
objektorienterad analys och design,,objektorienterad design,objektorienterad,
objektorienterad design,,objektorienterad design,objektorienterad,
objektorienterad mjukvaruutveckling,,objektorienterad programmering,objektorienterad,
objektorienterad php,,php,php,
objektorienterad programmering,,objektorienterad programmering,objektorienterad,
objektorienterad systemutveckling,,objektorienterad programmering,objektorienterad,
objektorienterade språk,,objektorienterad programmering,objektorienterad,
objektorientering,,objektorienterad programmering,objektorienterad,
obstetrix,,,,
ocaml,,,,
ocp,,,,
ocra,,,,
ocs,,,,
octave,,,,
octopus deploy,,,,
Octopus_Deploy,,,,
octopus_deploy,,,,
oculus,,,,
odbc,,,,
oddgame,,,,
odi,,,,
offshore,,,,
okulärkontroll,,,,
olap,,,,
olap-kuber,,,,
on-line,,,,
onsite,,,,
ontologi,,,,
onvif,,,,
oo__languages,,,,
ooa,,,,
ooad,,,,
ooc,,,,
ood,,,,
oop,,,,
op5,,,,
opc,,,,
open source,,open source,open source,
open-source,,open source,open source,
openbsd,,openbsd,openbsd,
opencl,,,,
opencv,,opencv,opencv,
openedge abl,,,,
openembedded,,,,
opengl,,opengl,opengl,
openid,,openid,openid,
openjump,,,,
openlayers,,,,
openldap,,,,
openscad,,,,
openscenegraph,,,,
openshift,,,,
opensource,,open source,open source,
opensource bibliotek,,open source,open source,
opensource produkter,,open source,open source,
opensource projekt,,open source,open source,
opensource teknologier,,open source,open source,
opensource verktyg,,open source,open source,
openstack,,,,
openvms,,,,
operating systems,,operativsystem,operativsystem,
operativsystem,,operativsystem,operativsystem,
operativsystemet linux,,linux,operativsystem,
operativsystemsinstallationer,,operativsystem,operativsystem,
ops,,,,
optimering,,optimering,,
optimeringslära,,optimering,,
optimeringsprojekt,,optimering,,
optimeringsverktyg,,optimering,,
oracle,,oracle,oracle,
oracle bi,,oracle bi,oracle,
oracle brm,,oracle brm,oracle,
oracle data integrator,,oracledatabaser,oracle,
oracle db,,oracledatabaser,oracle,
oracle e-business,,oracle e-business,oracle,
oracle forms,,oracle forms,oracle,
oracle fusion,,oracle fusion,oracle,
oracle pl,,oracle pl,oracle,
oracle reports,,oracle reports,oracle,
oracle warehouse builder,,oracle warehouse builder,oracle,
oracle weblogic,,oracle weblogic,oracle,
oracledatabaser,,oracledatabaser,oracle,
oracledb,,oracledatabaser,oracle,
orchestration,,,,
orchestrator,,,,
orion,,,,
os x,,macos,macos,
oscilloskop,,,,
ose,,,,
osgi,,,,
osi-modellen,,osi-model,osi-model,
osix,,,,
ospf,,,,
osstmm,,,,
outplacement,,,,
owl,,,,
oz,,,,
p2p,,,,
p4,,,,
paas,,,,
packet core,,,,
pacom,,,,
palett,,,,
palette,,,,
pan,,,,
pandas,,pandas,pandas,
papyrus,,,,
parametersättning,,,,
pardot,,,,
partitionering,,partitionering,partitionering,
pascal,,,,
patologi,,,,
pawn,,,,
pcb,,,,
pcb design,,,,
pcb layout,,,,
pci,,,,
pcl,,,,
pcs,,,,
pcs7,,,,
pdm,,,,
pdm-system,,,,
pdmlink,,,,
pdms,,,,
penetrationstest,,penetrationstest,testning,
perception,,,,
perforce,,,,
performance testing,,performance testing,testning,
performance tuning,,performance tuning,performance tuning,
perimeterskydd,,,,
perl,,perl,perl,
perl 6,,perl,perl,
perl6,,perl,perl,
personec,,,,
personec p,,,,
personuppgiftsbehandling,,personuppgiftsbehandling,personuppgiftsbehandling,
personuppgiftshantering,,personuppgiftsbehandling,personuppgiftsbehandling,
personuppgiftslagen,,personuppgiftsbehandling,personuppgiftsbehandling,
pet,,,,
pfsense,,,,
pgp,,,,
phdvirtual,,,,
phonegap,,,,
photoshop,,adobe photoshop,adobe,
php,,php,php,
php__baserade,,php,php,
php__programmerare,,php,php,
php__utvcklare,,php,php,
php__utvecklare,,php,php,
php__utveckling,,php,php,
php7,,php,php,
phpunit,,php,php,
phy,,php,php,
phyton,,python,python,
pic,,,,
picolisp,,,,
pike,,,,
pim-system,,,,
ping,,,,
pingis,,,,
pipes,,,,
pjässystem,,,,
pki,,,,
pl-sql,,oracle-sql,sql,
play framework,,,,
playback,,,,
plc,,,,
plc-system,,,,
plm,,,,
plm-system,,,,
plpgsql,,postgresql,sql,
plsql,,postgresql,sql,
plusplus,,c++,c++,
pmbok,,,,
pmi,,,,
pmp,,,,
polarion,,,,
pollution,,,,
pony,,,,
pop,,pop,pop,
pop3,,pop,pop,
portlets,,,,
pos,,,,
posix,,posix,operativ system,
postfix,,postfix,postfix,
postgis,,postgis,sql,
postgre,,postgresql,sql,
postgres,,postgresql,sql,
postgresql,,postgresql,sql,
postman,,postman,postman,
postscript,,,,
pov-ray sdl,,,,
power bi,,power bi,power bi,
powerbi,,power bi,power bi,
powerbi lösningar,,power bi,power bi,
powerbi utvecklare,,power bi,power bi,
powerbuilder,,,,
powercenter,,,,
powercli,,,,
powerpc,,,,
powershell,,powershell,powershell,
powertrain,,,,
powervm,,,,
ppm,,,,
pps,,,,
ppt,,,,
predictive analytics,,,,
prediktering,,,,
prediktion,,,,
prediktiv analys,,,,
premiere pro,,adobe premiere pro,adobe premiere pro,
presale,,,,
prestandaanalys,,perfomance,perfomance,
prestandaoptimering,,perfomance,perfomance,
prestandatester,,performance testing,testning,
prestandatestverktyg,,performance testing,testning,
primavera,,,,
primefaces,,,,
prince2,,,,
printer,,,,
prism,,,,
prisma,,prisma,prisma,
pro-engineer,,,,
pro/engineer,,,,
procurve,,,,
product managers,,product managers,workflow,
produktionstest,,produktionstest,testning,
produktutvecklingsmetoder,,workflow,workflow,
produktägarskap,,produktägarskap,workflow,
profibus,,,,
profiling,,,,
profinet,,,,
prognostisering,,,,
programanalys,,,,
programdistribution,,,,
programmatic,,,,
programmering,,programmering,programmering,
programmering av robotsystem,,programmering av robotsystem,programmering,
programmeringsarbete,,programmering,programmering,
programmeringserfarenhet,,programmering,programmering,
programmeringsfärdigheter,,programmering,programmering,
programmeringsmetodik,,programmering,programmering,
programmeringsprojekt,,programmering,programmering,
programmeringsspråk,,programmering,programmering,
programmeringsteknik,,programmering,programmering,
programmeringsverktyg,,programmering,programmering,
programming languages,,programmering,programmering,
programspråk,,programmering,programmering,
programutveckling,,programmering,programmering,
programvarudesign,,programmering,programmering,
programvarutestning,,mjukvarutestning,testning,
programvaruutveckling,,programmering,programmering,
progress openedge,,,,
prolog,,,,
promoting,,,,
proofing,,,,
propeller spin,,,,
proportional,,,,
propulsion,,,,
prospektering,,,,
proteomikdata,,,,
protocol,,,,
protocol analyzers,,,,
protocol buffer,,,,
protocols,,,,
protokollanalysatorer,,,,
protokollskrivning,,,,
prototype,,prototyping,prototyping,
prototypframtagning,,prototyping,prototyping,
prototyping,,prototyping,prototyping,
prototypproduktion,,prototyping,prototyping,
prototyputveckling,,prototyping,prototyping,
prototypverktyg,,prototyping,prototyping,
protractor,,,,
proxy,,proxy,proxy,
prtg,,,,
psa,,,,
ptc,,,,
pubsub,,,,
puppet,,,,
pure data,,,,
purebasic,,,,
purescript,,,,
putty,,putty,ssh-verktyg,
pxe,,,,
pyramid,,,,
pyrolys,,,,
python,,python,python,
python ide,,python,python,
pyton,,python,python,
q,,,,
qa,,,,
qc,,,,
qemu,,,,
qgis,,,,
qlickview,,qlik,qlik,
qlik__miljö,,qlik,qlik,
qlik__utvecklare,,qlik,qlik,
qlik_nprinting,,qlik,qlik,
qlikprodukter,,qlik,qlik,
qliksense,,qlik,qlik,
qlikview,,qlik,qlik,
qmake,,,,
qml,,,,
qos,,,,
qt,,,,
quality center,,,,
r,,r,r,
rabbit mq,,rabbitmq,,
rabbitmq,,rabbitmq,,
rac,,,,
rackmontering,,,,
ragel in ruby host,,,,
raid,,raid,raid,
rails,,,,
railway signalling,,,,
raindance,,,,
raku,,,,
raml,,,,
ran,,,,
rancid,,,,
ranorex,,,,
rapid prototyping,,,,
rascal,,,,
raster,,,,
rational clearcase,,,,
rational clearquest,,,,
rational rhapsody,,,,
razor,,,,
rca,,,,
rcm,,,,
rdbms,,,,
rdf,,,,
rdp,,,,
rds,,,,
react,,react,react,front-end
react,,react,react,front-end
react js,,react,react,front-end
react native,,react,react,front-end
react.js,,react native,react native,apputveckling
reactivex,,reactivex,reactivex,
rebol,,,,
receivers,,,,
red hat,,redhat,redhat,
redhat,,redhat,redhat,
redhat enterprise,,redhat,redhat,
redis,,redis,redis,
redshift,,,,
reduktion,,,,
redundans,,,,
redux,,redux,react,front-end
redux,,redux,react,front-end
redux es6,,redux,react,front-end
redux saga,,redux saga,react,front-end
refactoring,,refactoring,generellt,
regressionstestning,,regressionstestning,testning,
relational databases,,relational databases,relational databases,
relationsdatabaser,,relational databases,relational databases,
relationsdatabashantering,,relational databases,relational databases,
release management,,release management,generellt,
releasehantering,,release management,generellt,
reläer,,,,
remedy,,,,
remoteverktyg,,remoteverktyg,generellt,
ren'py,,,,
responsiv design,,responsiv design,design,
responsiv webbdesign,,responsiv design,design,
responsive design,,responsiv design,design,
rest,,rest api,api,
rest api,,rest api,api,
rest api,,rest api,api,
rest api:er,,rest api,api,
rest api:s,,rest api,api,
rest api’s,,rest api,api,
rest apier,,rest api,api,
rest apis,,rest api,api,
restful,,rest api,api,
reverse engineering,,reverse engineering,reverse engineering,
reverse proxy,,reverse proxy,reverse proxy,
revit,,,,
rf,,,,
rfid,,,,
rhapsody,,,,
rhel,,,,
rhino,,,,
riak,,,,
ring,,,,
risk management,,,,
riskanalys,,,,
riskbedömningar,,,,
riskhantering,,,,
riskidentifiering,,,,
riskkontroll,,,,
rman,,,,
rmi,,,,
rna,,,,
robocopy,,,,
robotapplikationer,,,,
robotframework,,,,
robotik,,,,
robotisering,,,,
robotprogrammering,,robotprogrammering,programmering,
robotsystem,,,,
robotteknik,,,,
roff,,,,
rollhantering,,,,
rotorsaksanalyser,,,,
rouge,,,,
route53,,,,
routingprotokoll,,routingprotokoll,routingprotokoll,
rpa__utvecklare,,,,
rpc,,,,
rpg,,,,
rpm,,,,
rs232,,,,
rs485,,,,
rspec,,,,
rstudio,,,,
rtos,,,,
rtp,,,,
rtsp,,,,
ruby,,ruby,ruby,
ruby on rails,,ruby on rails,ruby on rails,
rubyonrails,,ruby on rails,ruby on rails,
runtime,,,,
rup,,,,
rust,,rust,rust,
rvct,,,,
rx,,reactivex,reactivex,
rxjava,,rxjava,rxjava,
rxjs,,rxjs,rsjs,
rxswift,,rxswift,rxswift,
saas-tjänster,,saas,saas,
saashosting,,saas,saas,
sae,,,,
safari,,safari,webbläsare,
safecom,,,,
safecontrol,,,,
saltstack,,,,
samba,,,,
saml,,saml,saml,
saml 2.0,,saml 2.0,saml,
sampling,,sampling,sampling,
samza,,,,
sap,,sap,sap,
sap bw,,sap bw,sap,
sap data services,,sap data services,sap,
sap netweaver,,sap netweaver,sap,
sap pi,,sap netweaver process integration,sap,
sap__konsult,,sap,sap,
SAP_BPC,,sap,sap,
sap-system,,sap,sap,
sas,,,,
sass,,sass,css,
satellitkommunikation,,,,
scada,,scada,scada,
scada system,,scada,scada,
scada__program,,scada,scada,
scada__programmering,,scada,scada,
scada-system,,scada,scada,
scala,,scala,scala,
scala__utvecklare,,scala,scala,
scaled agile framework,,scaled agile framework,workflow,
scanner,,,,
sccm,,sccm,sccm,
sccm__specialister,,sccm,sccm,
sccm__tekniker,,sccm,sccm,
scenarioanalys,,,,
scg,,,,
schellscript,,shell,shell,
scikit-learn,,scikit-learn,scikit-learn,
scilab,,scilab,scilab,
scm,,,,
scom,,,,
scp,,scp,scp,
scratch,,,,
script,,scripting,scripting,
script languages,,scripting,scripting,
scriptande,,scripting,scripting,
scripterfarenhet,,scripting,scripting,
scripthantering,,scripting,scripting,
scripting languages,,scripting,scripting,
scriptingspråk,,scripting,scripting,
scriptning,,scripting,scripting,
scriptprogrammering,,scripting,scripting,
scripts,,scripting,scripting,
scriptspråken,,scripting,scripting,
scrum,,scrum,workflow,
scsm,,,,
scss,,scss,css,
sde,,,,
sdh,,,,
sdk,,,,
sdks,,,,
sdlc,,,,
se-tool,,,,
second line,,second-line support,second-line support,
second-line support,,second-line support,second-line support,
sed,,,,
segmentering,,,,
sekretesslagen,,sekretesslagen,sekretesslagen,
sekvenseringsdata,,,,
selenium,,selenium,selenium,
selenium webdriver,,selenium,selenium,
selinux,,,,
sem,,,,
semantik,,,,
sensorfusion,,,,
sensors,,,,
sensorsystem,,,,
sensorteknik,,,,
seo,,seo,marknadsföring,
sequencing,,,,
seriell kommunikation,,,,
serveradministration,,servers,servers,
serverapplikationer,,servers,servers,
serverdrift,,servers,servers,
servererfarenhet,,servers,servers,
serverhall,,servers,servers,
serverhantering,,servers,servers,
serverhårdvara,,servers,servers,
serverinfrastruktur,,servers,servers,
serverinstallationer,,servers,servers,
serverkonfiguration,,servers,servers,
serverkunskaper,,servers,servers,
serverlösningar,,servers,servers,
servermiljö,,servers,servers,
serveroperativ,,servers,servers,
serveroperativsystem,,servers,servers,
serverprodukter,,servers,servers,
serverprogramvaror,,servers,servers,
serversystem,,servers,servers,
serverteknik,,servers,servers,
servertjänster,,servers,servers,
serverutrustning,,servers,servers,
serverutveckling,,servers,servers,
servicedesk,,,,
servlets,,,,
servrar,,servers,servers,
settlement,,,,
sfi,,,,
sfti,,,,
sftp,,,,
shader,,,,
shaderlab,,,,
shaders,,,,
sharepoint,,sharepoint,sharepoint,
sharepoint lösningar,,sharepoint,sharepoint,
sharepoint miljöer,,sharepoint,sharepoint,
sharepoint utvecklare,,sharepoint,sharepoint,
sharepoint utveckling,,sharepoint,sharepoint,
sharepoint-miljö,,sharepoint,sharepoint,
sharepointlösningar,,sharepoint,sharepoint,
shell,,shell,shell,
shell script,,shell,shell,
shen,,,,
shibboleth,,,,
shielding,,,,
show,,,,
siebel,,,,
siem-system,,,,
siemens pcs7,,,,
siemens plc,,,,
siemens s7,,,,
siffror,,,,
signal processing,,,,
sigtran,,,,
silver,,,,
simd,,,,
simulation,,,,
simulators,,,,
simulatorverktyg,,,,
simulering,,,,
simuleringssystem,,,,
simuleringsteknik,,,,
simuleringsverktyg,,,,
simulink,,matlab,matlab,
sip,,,,
sir,,,,
sitecore,,,,
sitecore__partner,,,,
sitecore__stjärnor,,,,
sitecore__utvecklare,,,,
sitecores,,,,
sitecoreteknikens,,,,
sitevision,,,,
six sigma,,,,
skadlig kod,,,,
skalbarhetsfrågor,,skalning,skalning,
skalning,,skalning,skalning,
skeppning,,,,
sketch,,sketch,sketch,
skriptprogrammering,,scripting,scripting,
skripts,,scripting,scripting,
skriptspråk,,scripting,scripting,
slack,,slack,slack,
slash,,,,
sles,,,,
slurm,,,,
smali,,,,
smalltalk,,,,
smart,,,,
smarty,,,,
smoketester,,smoketester,testning,
smt,,,,
smtp,,smtp,smtp,
snmp,,,,
snomed ct,,,,
snort,,,,
snowdrop,,,,
soa,,,,
soap,,,,
soapui,,,,
socketio,,socketio,socketio,
softone,,,,
software ag webmethods,,,,
solaris,,,,
solarplexus,,,,
solid edge,,,,
solidworks,,,,
solman,,,,
solr,,,,
sonarqube,,,,
sopho,,,,
sops,,,,
sortiment,,,,
sortimentsplanering,,,,
sortimentstyrning,,,,
soti mobile control,,,,
source,,,,
source control,,,,
sourcepawn,,,,
sox,,,,
spam,,,,
spanning tree,,,,
sparql,,,,
sparx,,,,
sparx ea,,,,
spatiala databaser,,,,
spc,,,,
specflow,,,,
special effects,,,,
specman,,,,
specning,,,,
specter,,,,
spedition,,,,
speldesign,,,,
spelmotor,,,,
spice,,,,
splunk,,splunk,splunk,
spring boot,,,,
spring framework,,,,
spring_boot,,,,
spring-mvc,,,,
springboot,,,,
sprinkler,,,,
spss,,,,
spv,,,,
spyglass,,,,
sqf,,,,
sql,,sql,sql,
sql databaser,,sql,sql,
sql databases,,sql,sql,
sql kunskaper,,sql,sql,
sql loader,,sql,sql,
sql programmering,,sql,sql,
sql server,,sql,sql,
sql server integration services,,sql,sql,
sql språk,,sql,sql,
sql-databaser,,sql,sql,
sql-script,,sql,sql,
sql-server,,sql,sql,
sqlite,,sqlite,sql,
sqlpl,,oracle-sql,sql,
squash,,,,
squirrel,,,,
srm,,,,
ss-en,,,,
ssas,,,,
sscp,,,,
ssh,,,,
ssis,,,,
ssl,,,,
ssrs,,,,
stabstjänst,,,,
starlark,,,,
stash,,,,
stata,,,,
statistikframtagning,,,,
statistikrapportering,,,,
statistiksystem,,,,
statistikunderlag,,,,
statistikuppföljning,,,,
statistikverksamhet,,,,
statistikverktyg,,,,
statistisk analys,,,,
statistisk signalbehandling,,,,
statistiska metoder,,,,
sten,,,,
stm32,,,,
stora datamängder,,big data,big data,
,,,,
stored procedures,,,,
storytelling,,,,
strukturanalys,,,,
strukturdynamik,,,,
strukturera information,,,,
strukturering,,,,
strukturstöd,,,,
struts,,,,
struts2,,,,
style guides,,,,
styling,,,,
subnets,,,,
subsystem,,,,
subversion,,,,
superanvändare,,os-admin,generellt,
supercollider,,,,
superuser,,os-admin,os-admin,
supply chain management,,,,
supportarbete,,,,
suricata,,,,
svg,,svg,svg,
svn,,,,
sw-utveckling,,,,
swagger,,swagger,swagger,
swift,,swift,swift,
swig,,,,
swing,,,,
swinject,,,,
switch,,,,
switchade nät,,,,
switchteknik,,,,
sybase,,,,
symantec,,,,
symfony,,,,
symfony3,,,,
symphony,,,,
synergy,,,,
synkronisering,,,,
sysadmin,,,,
syslog,,,,
sysml,,,,
systemc,,,,
systemintegrationstester,,integrations tester,testning,
systemsäkerhet,,it-säkerhet,it-säkerhet,
systemsäkerhetsarbete,,it-säkerhet,it-säkerhet,
systemtest,,system test,testning,
systemtestarbete,,system test,testning,
systemverilog,,,,
systemweaver,,,,
sårbarhetsanalyser,,it-säkerhet,it-säkerhet,
sårbarhetshantering,,it-säkerhet,it-säkerhet,
sårbarhetsskanning,,it-säkerhet,it-säkerhet,
säkerhetsanalyser,,it-säkerhet,it-säkerhet,
säkerhetsapplikationer,,it-säkerhet,it-säkerhet,
säkerhetsarbete,,it-säkerhet,it-säkerhet,
säkerhetsarkitektur,,it-säkerhet,it-säkerhet,
säkerhetsbedömningar,,it-säkerhet,it-säkerhet,
säkerhetsberäkningar,,it-säkerhet,it-säkerhet,
säkerhetsbevisning,,it-säkerhet,it-säkerhet,
säkerhetscertifiering,,it-säkerhet,it-säkerhet,
säkerhetsdesign,,it-säkerhet,it-säkerhet,
säkerhetsfokus,,it-säkerhet,it-säkerhet,
säkerhetsfrågor,,it-säkerhet,it-säkerhet,
säkerhetsföreskrifter,,it-säkerhet,it-säkerhet,
säkerhetsföretag,,it-säkerhet,it-säkerhet,
säkerhetsgranskning,,it-säkerhet,it-säkerhet,
säkerhetshot,,it-säkerhet,it-säkerhet,
säkerhetsinstallationer,,it-säkerhet,it-säkerhet,
säkerhetsklassning,,it-säkerhet,it-säkerhet,
säkerhetskontroll,,it-säkerhet,it-säkerhet,
säkerhetskopiering,,it-säkerhet,it-säkerhet,
säkerhetskritiska system,,it-säkerhet,it-säkerhet,
säkerhetskydd,,it-säkerhet,it-säkerhet,
säkerhetslagstiftning,,it-säkerhet,it-säkerhet,
säkerhetslösningar,,it-säkerhet,it-säkerhet,
säkerhetspatchning,,it-säkerhet,it-säkerhet,
säkerhetsplanering,,it-säkerhet,it-säkerhet,
säkerhetsprodukter,,it-säkerhet,it-säkerhet,
säkerhetsprogram,,it-säkerhet,it-säkerhet,
säkerhetsprövning,,it-säkerhet,it-säkerhet,
säkerhetsramverk,,it-säkerhet,it-säkerhet,
säkerhetssamtal,,it-säkerhet,it-säkerhet,
säkerhetsskydd,,it-säkerhet,it-säkerhet,
säkerhetsskyddsanalys,,it-säkerhet,it-säkerhet,
säkerhetsskyddsarbete,,it-säkerhet,it-säkerhet,
säkerhetsskyddsfrågor,,it-säkerhet,it-säkerhet,
säkerhetsskyddslagstiftning,,it-säkerhet,it-säkerhet,
säkerhetsskyddstjänst,,it-säkerhet,it-säkerhet,
säkerhetsskyddsutbildning,,it-säkerhet,it-säkerhet,
säkerhetsstandards,,it-säkerhet,it-säkerhet,
säkerhetsstyrning,,it-säkerhet,it-säkerhet,
säkerhetssystem,,it-säkerhet,it-säkerhet,
säkerhetsteknik,,it-säkerhet,it-säkerhet,
säkerhetstester,,it-säkerhet,it-säkerhet,
säkerhetstjänster,,it-säkerhet,it-säkerhet,
säkerhetstjänstutbildning,,it-säkerhet,it-säkerhet,
säkerhetsutbildning,,it-säkerhet,it-säkerhet,
säkerhetsutredningar,,it-säkerhet,it-säkerhet,
säkerhetsutveckling,,it-säkerhet,it-säkerhet,
säkerhetsverktyg,,it-säkerhet,it-säkerhet,
säkerhetsövervakning,,it-säkerhet,it-säkerhet,
sökmotorannonsering,,sem,sem,
sökmotormarknadsföring,,sem,sem,
sökmotoroptimering,,seo,seo,
sökordsoptimering,,seo,seo,
t__sql,,transact sql,sql,
t3000,,,,
tableau,,,,
takecare,,,,
talend,,,,
tcl,,,,
tcl/tk,,,,
tcms,,,,
tcp,,,,
tcp/ip,,,,
tdd,,,,
tdm,,,,
teamarbete,,,,
teamcenter,,,,
teamcity,,,,
teamledaransvar,,,,
teamledning,,,,
teamsamarbete,,,,
teamutveckling,,,,
teckentolkning,,,,
teis,,,,
tekla,,,,
telekomteknik,,,,
telematik,,,,
telematiklösningar,,,,
telenät,,,,
telerik,,,,
telesystem,,,,
teleteknik,,,,
telnet,,,,
tens,,,,
tensorflow,,tensorflow,tensorflow,
teradata,,,,
terminal,,terminal,terminal,
terminering,,,,
terraform,,,,
test automation,,automatiserade tester,testning,
test management-verktyg,,automatiserade tester,testning,
test planning,,testning,testning,
testanalys,,testanalys,testning,
testarbete,,testning,testning,
testautomationsverktyg,,automatiserade tester,testning,
testautomatisering,,automatiserade tester,testning,
testautomatiseringslösningar,,automatiserade tester,testning,
testautomatiseringsramverk,,automatiserade tester,testning,
testdatadesign,,testdatadesign,testning,
testdatahantering,,testdatahantering,testning,
testdesign,,testdesign,testning,
testdokumentation,,testdokumentation,testning,
testdriven utveckling,,testdriven utveckling,workflow,
tester,,testning,testning,
testerfarenhet,,testning,testning,
testexekvering,,testning,testning,
testfallsdesign,,testdesign,testning,
testfallsutveckling,,testning,testning,
testfrågor,,testning,testning,
testgenomförande,,testning,testning,
testinstruktioner,,testning,testning,
testkunskaper,,testning,testning,
testkörning,,testning,testning,
testledning,,testning,testning,
testlink,,testning,testning,
testmanagementverktyg,,testning,testning,
testmetoder,,testning,testning,
testmetodik,,testning,testning,
testmiljöer,,testning,testning,
testmjukvara,,testning,testning,
testng,,testning,testning,
testning,,testning,testning,
testning av mjukvara,,testning,testning,
testområdet,,testning,testning,
testplanering,,testning,testning,
testprocessen,,testning,testning,
testprogram,,testning,testning,
testprojekt,,testning,testning,
testrail,,testning,testning,
testramverk,,testning,testning,
testrapportering,,testning,testning,
testspecifikationer,,testning,testning,
teststand,,testning,testning,
teststrategi,,testning,testning,
testsystem,,testning,testning,
testsäkring,,testning,testning,
testteknik,,testning,testning,
testtäckning,,testning,testning,
testutförande,,testning,testning,
testutrustning,,testning,testning,
testutveckling,,testning,testning,
testverksamhet,,testning,testning,
testverktyg,,testning,testning,
testverktyget selenium,,selenium testning,testning,
tex,,,,
textanalys,,,,
textbearbetning,,,,
texthantering,,,,
textproduktion,,,,
texturering,,,,
tfs,,,,
thinlinc,,,,
third line,,third-line support,third-line support,
third-line support,,third-line support,third-line support,
three.js,,three.js,three.js,
thrift,,,,
thymeleaf,,,,
tia,,,,
tibco,,,,
tibco ems,,,,
tillgänglighet,,,,
tillgänglighetsanpassning,,,,
tiv,,,,
tls,,,,
tm1,,,,
tma__gui,,,,
toad,,,,
togaf,,,,
tomcat,,,,
tool suite,,,,
tools like,,,,
topologioptimering,,,,
torch,,,,
totalförsvarsplanering,,,,
touchsystem,,,,
tracing,,,,
transact,,transact sql,sql,
transact sql,,transact sql,sql,
transaktioner,,,,
transaktionshanterare,,,,
transaktionshantering,,,,
transaktionsintensiva system,,,,
transaktionslösningar,,,,
transaktionssystem,,,,
trello,,trello,trello,
tridion,,,,
trådning,,multithreading,multithreading,
tsm,,,,
tso,,,,
tsql,,transact sql,sql,
tss,,,,
ttcn,,,,
ttcn-3,,,,
tuning,,,,
twig,,,,
twincat,,,,
typescript,,typescript,typescript,
typo3,,,,
uart,,,,
,,,,
ubuntu,,ubuntu,ubuntu,
uc-lösningar,,,,
uctool,,,,
udp,,udp,udp,nätverksadministration
uft,,,,
ui-design,,ui-design,design,
ui-tester,,ui-tester,testning,
umbraco,,,,
uml,,uml,uml,
uml-modellering,,uml,uml,
umts,,,,
unicast,,,,
unit testing,,unit testing,testning,
unit tests,,unit tests,testning,
unit-testing,,unit testing,testning,
unity,,unity,gameengine,
unity3d,,unity,gameengine,
unix,,unix,unix,
unix shell,,unix,unix,
unix-administration,,unix,unix,
unix-miljöer,,unix,unix,
unix-plattformar,,unix,unix,
unix-system,,unix,unix,
unreal,,unreal engine,unreal engine,
unreal engine,,unreal engine,unreal engine,
unrealscript,,unrealscript,unreal engine,
urweb,,,,
usability,,,,
user experience,,ux design,ux design,
user interface,,ui,ui,
user test,,user test,testning,
uwsgi,,,,
ux,,ux design,ux design,
ux-utveckling,,ux design,ux design,
vagrant,,,,
vala,,,,
valgrind,,,,
validering,,validering,validering,
valideringsarbete,,validering,validering,
valideringsverksamhet,,validering,validering,
validitet,,,,
varnish,,,,
vault,,,,
vb__script,,visual basic,visual basic,
vb__skripting,,visual basic,visual basic,
vb.net,,visual basic .net,visual basic .net,
vb6,,,,
vba,,,,
vba-programmering,,,,
vbdotnet,,,,
vbs,,,,
vbscript,,,,
vcenter,,,,
vcl,,,,
vcloud,,,,
vcloud director,,,,
vdi,,,,
vector,,,,
veeam,,,,
veeam_backup,,,,
vektorbaserad grafik,,,,
velocity,,,,
verifiering av mjukvara,,,,
verifieringsmetoder,,,,
verifieringsverktyg,,,,
verilog,,,,
version control,,versionhantering,versionhantering,
versionering,,versionhantering,versionhantering,
versioning,,versionhantering,versionhantering,
versions,,versionhantering,versionhantering,
versionshantering,,versionhantering,versionhantering,
versionshanteringsprogram,,versionhantering,versionhantering,
versionshanteringssystem,,versionhantering,versionhantering,
versionshanteringssystemen,,versionhantering,versionhantering,
versionshanteringssystemet git,,git,versionhantering,
versionshanteringsverktyg,,versionhantering,versionhantering,
versionskontroll,,versionhantering,versionhantering,
versionskontrollsystem,,versionhantering,versionhantering,
versionsuppdateringar,,versionhantering,versionhantering,
versionsverktyg,,versionhantering,versionhantering,
vhdl,,,,
vim script,,vim,vim,
vim snippet,,vim,vim,
,,,,
virtualiserade miljöer,,virtual machine,virtual machine,
virtualisering,,virtualisering,virtualisering,
virtualiseringslösningar,,virtualisering,virtualisering,
virtualiseringsteknik,,virtualisering,virtualisering,
virtualization,,virtualisering,virtualisering,
virtuell servermiljö,,virtualisering,virtualisering,
virtuella miljöer,,virtual machine,virtual machine,
,,,,
visionsystem,,,,
visionteknik,,,,
visual basic,,visual basic,visual basic,
visual basic,,visual basic,visual basic,
visual basic,,visual basic,visual basic,
visual basic .net,,visual basic .net,visual basic .net,
visual basic.net,,visual basic .net,visual basic .net,
visual design,,,,
visual studio,,visual studio,ide,
visual studio.net,,visual basic .net,visual basic .net,
visual_c_plusplus,,c++,c++,
visual_studio,,visual studio,ide,
visualbasic,,visual basic,visual basic,
visualforce,,,,
visualstudio,,visual studio,ide,
visuell design,,design,design,
visum,,,,
vivado,,,,
vklass,,,,
vlan,,,,
vlookup,,,,
vm ware,,vmware,virtual machine,
vmm,,,,
vms,,virtual machine,virtual machine,
vmware,,vmware,virtual machine,
vmware esx,,vmware,virtual machine,
vmware vsphere,,vmware,virtual machine,
vnext,,,,
vod,,,,
voip,,voip,voip,
volte,,,,
vowifi,,,,
vplex,,,,
vpls,,,,
vpn,,vpn,vpn,
vpn problem,,vpn,vpn,
vpn-lösningar,,vpn,vpn,
vr,,virtual reality,virtual reality,
vrealize,,,,
vrrp,,,,
vsphere,,,,
vue,,vue,vue,
vue.js,,vue,vue,
vuejs,,vue,vue,
w3c,,w3c,w3c,
wai,,,,
wan,,,,
warehouse-utveckling,,,,
watchguard,,,,
watson,,,,
wcdma,,,,
wcf,,,,
wcs,,,,
wdm,,,,
web api,,api,api,
web content accessibility guidelines,,wcag,wcag,
web ontology language,,,,
web services,,,,
web standards,,,,
web technologies,,,,
webassembly,,webassembly,webassembly,
webbadministration,,webbadministration,,
webbanalys,,,,
webbanalysverktyg,,,,
webbannonser,,,,
webbapplikationer,,,,
webbarbete,,,,
webbdesign,,,,
webbeditering,,,,
webbförsäljning,,,,
webbförvaltning,,,,
webbgränssnitt,,,,
webbhandel,,,,
webbkartor,,,,
webbläsarkompatibilitet,,,,
webblösningar,,,,
webbmiljö,,,,
webbområdet,,,,
webbplatser,,,,
webbprodukter,,,,
webbproduktion,,,,
webbprojekt,,,,
webbprojektledning,,,,
webbpublicering,,,,
webbpubliceringsverktyg,,,,
webbramverk,,,,
webbserverhantering,,,,
webbservices,,,,
webbservrar,,,,
webbshop,,,,
webbsidor,,,,
webbstatistik,,,,
webbsystem,,,,
webbteknik,,,,
webbtestning,,webbtestning,testning,
webbtjänster,,,,
webbutbildning,,,,
webbutveckling,,,,
webdav,,,,
webdriver,,,,
webforms,,,,
webgl,,,,
weblogic,,,,
weblogic server,,,,
webmethods,,,,
webpack,,,,
webservers,,webservers,webservers,
webservice,,,,
websocket,,websockets,websockets,
websockets,,websockets,websockets,
websphere,,,,
websphere application,,,,
websphere_liberty,,,,
webstorm,,,,
wfm,,,,
wholesale,,,,
wi-fi,,wifi,wifi,
widequick,,,,
widgets,,,,
wildfly,,,,
windchill,,,,
windows 7,,windows,windows,
windows azure,,azure,azure,
,,,,
windows desktop,,windows,windows,
,,,,
windows klient,,windows,windows,
windows os,,windows,windows,
,,,,
windows powershell,,powershell,powershell,
windows server,,windows server,windows server,
windows-applikationer,,windows,windows,
windows-plattformar,,windows,windows,
windows365,,windows,windows,
windowsadministration,,windows,windows,
windowsmiljöer,,windows,windows,
windowsutveckling,,windows,windows,
winforms,,,,
winlas,,,,
wireframing,,,,
wireless,,,,
wireshark,,wireshark,wireshark,
wiring,,,,
wlan,,,,
wlc,,,,
wls,,,,
wmi,,,,
wml,,,,
wms,,,,
wms-lösningar,,,,
wms-system,,,,
wmware,,wmware,virtual machine,
wmware,,wmware,virtual machine,
wonderware,,,,
woocommerce,,,,
wordpress,,wordpress,wordpress,
wordpressutveckling,,wordpress,wordpress,
workbench,,,,
workflow,,workflow,workflow,
workflows,,workflow,workflow,
workshopledning,,,,
wowza,,wowza,,
wp,,wordpress,wordpress,
wpf,,windows presentation foundation,,
ws,,,,
wsdl,,,,
wsus,,,,
x_plusplus,,,,
x-ray,,,,
x10,,,,
xa800,,,,
xacml,,,,
xadcontainers,,,,
xadmysql,,mysql,sql,
xadnode.js,,xadnode.js,javascript,
xadnosql,,,,
xadrtsp,,,,
xadwebsockets,,,,
xamarin,,,,
xaml,,,,
xbase,,,,
xc,,,,
xcode,,xcode,apputveckling,apputveckling
xcp,,,,
xe5,,,,
xen,,,,
xenapp,,,,
xendesktop,,,,
xenmobil,,,,
xenmobile,,,,
xenserver,,,,
xhtml,,html,html,
xilinx,,,,
xlpm,,Excellence in Project Management,framework,
xmi,,xml metadata interchange,standard,
xml,,xml,xml,
xml based,,xml,xml,
xml baserade,,xml,xml,
xml-format,,xml,xml,
xml-schema,,xml,xml,
xmlprogrammering,,xml,xml,
xna,,microsoft xna,plattform,
xojo,,,,
xopus_xml_editor,,,,
xpath,,xpath,xpath,
xproc,,,,
xquery,,,,
xs,,,,
xsd,,,,
xsl,,,,
xslt,,,,
xtend,,,,
xtm_translation_tool,,,,
xunit,,,,
yacc,,,,
yarn,,yarn,yarn,
yasnippet,,,,
yocto,,,,
zabbix,,,,
zachman,,,,
zbfw,,,,
zbrush,,,,
zend,,,,
zend framework,,,,
zenworks,,,,
zephir,,zephir,programming language,
zeromq,,zeromq,concurrency framework,
zod,,zod,zod,
zookeeper,,Apache zookeeper,open source server,
zos,,z/OS,operativsystem,
öppen källkod,,open source,open source,